fault_type,fault_name,rpm,severity,duration,fs,n_samples,sample_id,filename,split,sub_type
0,Normal,1732.2516641775758,0.0,1.0,12000.0,12000,fault0_0000,fault0_0000.csv,test,
0,Normal,1925.2767285781588,0.0,1.0,12000.0,12000,fault0_0001,fault0_0001.csv,train,
0,Normal,1614.2500658389156,0.0,1.0,12000.0,12000,fault0_0002,fault0_0002.csv,train,
0,Normal,1561.3651505708276,0.0,1.0,12000.0,12000,fault0_0003,fault0_0003.csv,test,
0,Normal,1854.6021063413325,0.0,1.0,12000.0,12000,fault0_0004,fault0_0004.csv,val,
0,Normal,1541.1156269197334,0.0,1.0,12000.0,12000,fault0_0005,fault0_0005.csv,test,
0,Normal,1979.5190260322274,0.0,1.0,12000.0,12000,fault0_0006,fault0_0006.csv,train,
0,Normal,1628.1854822918344,0.0,1.0,12000.0,12000,fault0_0007,fault0_0007.csv,train,
0,Normal,1694.2908111981503,0.0,1.0,12000.0,12000,fault0_0008,fault0_0008.csv,train,
0,Normal,1763.2503100667425,0.0,1.0,12000.0,12000,fault0_0009,fault0_0009.csv,train,
0,Normal,1860.400563150085,0.0,1.0,12000.0,12000,fault0_0010,fault0_0010.csv,train,
0,Normal,1687.7581102090178,0.0,1.0,12000.0,12000,fault0_0011,fault0_0011.csv,train,
0,Normal,1776.2777914771993,0.0,1.0,12000.0,12000,fault0_0012,fault0_0012.csv,val,
0,Normal,1637.8238423655143,0.0,1.0,12000.0,12000,fault0_0013,fault0_0013.csv,train,
0,Normal,1849.903867185503,0.0,1.0,12000.0,12000,fault0_0014,fault0_0014.csv,train,
0,Normal,1858.0742200267769,0.0,1.0,12000.0,12000,fault0_0015,fault0_0015.csv,train,
0,Normal,1565.1278602120508,0.0,1.0,12000.0,12000,fault0_0016,fault0_0016.csv,test,
0,Normal,2051.441297860262,0.0,1.0,12000.0,12000,fault0_0017,fault0_0017.csv,val,
0,Normal,1694.49143535362,0.0,1.0,12000.0,12000,fault0_0018,fault0_0018.csv,train,
0,Normal,1899.4858343165645,0.0,1.0,12000.0,12000,fault0_0019,fault0_0019.csv,train,
0,Normal,1595.9006468161804,0.0,1.0,12000.0,12000,fault0_0020,fault0_0020.csv,train,
0,Normal,1548.569801402218,0.0,1.0,12000.0,12000,fault0_0021,fault0_0021.csv,test,
0,Normal,1669.741190064009,0.0,1.0,12000.0,12000,fault0_0022,fault0_0022.csv,train,
0,Normal,1698.3239810882817,0.0,1.0,12000.0,12000,fault0_0023,fault0_0023.csv,train,
0,Normal,1825.2235508453712,0.0,1.0,12000.0,12000,fault0_0024,fault0_0024.csv,train,
0,Normal,2053.5756989928614,0.0,1.0,12000.0,12000,fault0_0025,fault0_0025.csv,val,
0,Normal,2037.3294284446617,0.0,1.0,12000.0,12000,fault0_0026,fault0_0026.csv,test,
0,Normal,1852.8659885579857,0.0,1.0,12000.0,12000,fault0_0027,fault0_0027.csv,test,
0,Normal,1577.7859511080364,0.0,1.0,12000.0,12000,fault0_0028,fault0_0028.csv,train,
0,Normal,1554.4227360116904,0.0,1.0,12000.0,12000,fault0_0029,fault0_0029.csv,train,
0,Normal,1739.88573643232,0.0,1.0,12000.0,12000,fault0_0030,fault0_0030.csv,train,
0,Normal,1977.5182549420417,0.0,1.0,12000.0,12000,fault0_0031,fault0_0031.csv,train,
0,Normal,1681.7046352311854,0.0,1.0,12000.0,12000,fault0_0032,fault0_0032.csv,train,
0,Normal,1606.0990814863717,0.0,1.0,12000.0,12000,fault0_0033,fault0_0033.csv,val,
0,Normal,1570.2573475870763,0.0,1.0,12000.0,12000,fault0_0034,fault0_0034.csv,test,
0,Normal,1947.012175420195,0.0,1.0,12000.0,12000,fault0_0035,fault0_0035.csv,train,
0,Normal,1532.9819432467452,0.0,1.0,12000.0,12000,fault0_0036,fault0_0036.csv,val,
0,Normal,1911.7029656777129,0.0,1.0,12000.0,12000,fault0_0037,fault0_0037.csv,val,
0,Normal,1946.4859872104107,0.0,1.0,12000.0,12000,fault0_0038,fault0_0038.csv,train,
0,Normal,1723.571493413907,0.0,1.0,12000.0,12000,fault0_0039,fault0_0039.csv,train,
0,Normal,1996.0758499728204,0.0,1.0,12000.0,12000,fault0_0040,fault0_0040.csv,train,
0,Normal,1708.6849334204305,0.0,1.0,12000.0,12000,fault0_0041,fault0_0041.csv,train,
0,Normal,1697.9304537264577,0.0,1.0,12000.0,12000,fault0_0042,fault0_0042.csv,train,
0,Normal,1923.9873363025542,0.0,1.0,12000.0,12000,fault0_0043,fault0_0043.csv,train,
0,Normal,2009.094880991216,0.0,1.0,12000.0,12000,fault0_0044,fault0_0044.csv,train,
0,Normal,1594.5808928066829,0.0,1.0,12000.0,12000,fault0_0045,fault0_0045.csv,val,
0,Normal,1940.8239262531242,0.0,1.0,12000.0,12000,fault0_0046,fault0_0046.csv,train,
0,Normal,1946.3222771754627,0.0,1.0,12000.0,12000,fault0_0047,fault0_0047.csv,train,
0,Normal,1812.2757278662766,0.0,1.0,12000.0,12000,fault0_0048,fault0_0048.csv,train,
0,Normal,1543.7263284418113,0.0,1.0,12000.0,12000,fault0_0049,fault0_0049.csv,train,
0,Normal,1546.9717602708365,0.0,1.0,12000.0,12000,fault0_0050,fault0_0050.csv,train,
0,Normal,1699.7522297812163,0.0,1.0,12000.0,12000,fault0_0051,fault0_0051.csv,train,
0,Normal,2020.0858959200903,0.0,1.0,12000.0,12000,fault0_0052,fault0_0052.csv,train,
0,Normal,1751.60677843924,0.0,1.0,12000.0,12000,fault0_0053,fault0_0053.csv,val,
0,Normal,1653.551009365476,0.0,1.0,12000.0,12000,fault0_0054,fault0_0054.csv,train,
0,Normal,1686.4657845734346,0.0,1.0,12000.0,12000,fault0_0055,fault0_0055.csv,train,
0,Normal,2032.0367322649893,0.0,1.0,12000.0,12000,fault0_0056,fault0_0056.csv,val,
0,Normal,1872.0380285156286,0.0,1.0,12000.0,12000,fault0_0057,fault0_0057.csv,test,
0,Normal,1963.9829215255218,0.0,1.0,12000.0,12000,fault0_0058,fault0_0058.csv,train,
0,Normal,2011.9818591845876,0.0,1.0,12000.0,12000,fault0_0059,fault0_0059.csv,train,
0,Normal,1966.0176837885938,0.0,1.0,12000.0,12000,fault0_0060,fault0_0060.csv,test,
0,Normal,1701.7218764848064,0.0,1.0,12000.0,12000,fault0_0061,fault0_0061.csv,train,
0,Normal,1653.0849877726484,0.0,1.0,12000.0,12000,fault0_0062,fault0_0062.csv,train,
0,Normal,1971.727973598146,0.0,1.0,12000.0,12000,fault0_0063,fault0_0063.csv,test,
0,Normal,1533.754150486843,0.0,1.0,12000.0,12000,fault0_0064,fault0_0064.csv,train,
0,Normal,1755.4019417003406,0.0,1.0,12000.0,12000,fault0_0065,fault0_0065.csv,train,
0,Normal,1594.7272983601888,0.0,1.0,12000.0,12000,fault0_0066,fault0_0066.csv,train,
0,Normal,2039.1712401127602,0.0,1.0,12000.0,12000,fault0_0067,fault0_0067.csv,train,
0,Normal,1810.1469357414176,0.0,1.0,12000.0,12000,fault0_0068,fault0_0068.csv,val,
0,Normal,1726.3599852848188,0.0,1.0,12000.0,12000,fault0_0069,fault0_0069.csv,test,
0,Normal,2049.7215392687403,0.0,1.0,12000.0,12000,fault0_0070,fault0_0070.csv,train,
0,Normal,1798.514193181888,0.0,1.0,12000.0,12000,fault0_0071,fault0_0071.csv,train,
0,Normal,1683.8138669638324,0.0,1.0,12000.0,12000,fault0_0072,fault0_0072.csv,train,
0,Normal,1859.1647403491443,0.0,1.0,12000.0,12000,fault0_0073,fault0_0073.csv,train,
0,Normal,1557.7985256749942,0.0,1.0,12000.0,12000,fault0_0074,fault0_0074.csv,train,
0,Normal,2020.463578421993,0.0,1.0,12000.0,12000,fault0_0075,fault0_0075.csv,train,
0,Normal,1608.2432309292606,0.0,1.0,12000.0,12000,fault0_0076,fault0_0076.csv,train,
0,Normal,2062.2512452197243,0.0,1.0,12000.0,12000,fault0_0077,fault0_0077.csv,train,
0,Normal,1892.9531955991743,0.0,1.0,12000.0,12000,fault0_0078,fault0_0078.csv,val,
0,Normal,1658.3242737558958,0.0,1.0,12000.0,12000,fault0_0079,fault0_0079.csv,val,
0,Normal,1728.6028916683965,0.0,1.0,12000.0,12000,fault0_0080,fault0_0080.csv,train,
0,Normal,1872.106043810883,0.0,1.0,12000.0,12000,fault0_0081,fault0_0081.csv,train,
0,Normal,1578.7564758293806,0.0,1.0,12000.0,12000,fault0_0082,fault0_0082.csv,val,
0,Normal,1703.2212350847374,0.0,1.0,12000.0,12000,fault0_0083,fault0_0083.csv,train,
0,Normal,1552.0185764395724,0.0,1.0,12000.0,12000,fault0_0084,fault0_0084.csv,train,
0,Normal,1895.8847553948326,0.0,1.0,12000.0,12000,fault0_0085,fault0_0085.csv,train,
0,Normal,1806.5302514816115,0.0,1.0,12000.0,12000,fault0_0086,fault0_0086.csv,train,
0,Normal,1878.393306821103,0.0,1.0,12000.0,12000,fault0_0087,fault0_0087.csv,train,
0,Normal,1903.1063785753315,0.0,1.0,12000.0,12000,fault0_0088,fault0_0088.csv,train,
0,Normal,2035.8341939178365,0.0,1.0,12000.0,12000,fault0_0089,fault0_0089.csv,train,
0,Normal,1714.1758295671395,0.0,1.0,12000.0,12000,fault0_0090,fault0_0090.csv,train,
0,Normal,2029.3345538704236,0.0,1.0,12000.0,12000,fault0_0091,fault0_0091.csv,test,
0,Normal,1669.288478966184,0.0,1.0,12000.0,12000,fault0_0092,fault0_0092.csv,train,
0,Normal,1971.2999881086564,0.0,1.0,12000.0,12000,fault0_0093,fault0_0093.csv,train,
0,Normal,1816.0113123122435,0.0,1.0,12000.0,12000,fault0_0094,fault0_0094.csv,train,
0,Normal,1580.2754946151856,0.0,1.0,12000.0,12000,fault0_0095,fault0_0095.csv,test,
0,Normal,2016.2257508681985,0.0,1.0,12000.0,12000,fault0_0096,fault0_0096.csv,train,
0,Normal,1713.0760871662983,0.0,1.0,12000.0,12000,fault0_0097,fault0_0097.csv,train,
0,Normal,1922.016066589929,0.0,1.0,12000.0,12000,fault0_0098,fault0_0098.csv,test,
0,Normal,2009.0266691031634,0.0,1.0,12000.0,12000,fault0_0099,fault0_0099.csv,val,
0,Normal,1876.6970889233153,0.0,1.0,12000.0,12000,fault0_0100,fault0_0100.csv,train,
0,Normal,1617.2795056110913,0.0,1.0,12000.0,12000,fault0_0101,fault0_0101.csv,test,
0,Normal,1857.4716922161783,0.0,1.0,12000.0,12000,fault0_0102,fault0_0102.csv,train,
0,Normal,1584.7946331476574,0.0,1.0,12000.0,12000,fault0_0103,fault0_0103.csv,train,
0,Normal,1532.733255276958,0.0,1.0,12000.0,12000,fault0_0104,fault0_0104.csv,train,
0,Normal,1826.3162462579567,0.0,1.0,12000.0,12000,fault0_0105,fault0_0105.csv,train,
0,Normal,1882.0590801314042,0.0,1.0,12000.0,12000,fault0_0106,fault0_0106.csv,train,
0,Normal,1914.5767795276693,0.0,1.0,12000.0,12000,fault0_0107,fault0_0107.csv,train,
0,Normal,1705.7158370060044,0.0,1.0,12000.0,12000,fault0_0108,fault0_0108.csv,val,
0,Normal,1880.801765485496,0.0,1.0,12000.0,12000,fault0_0109,fault0_0109.csv,val,
0,Normal,1885.1109618421856,0.0,1.0,12000.0,12000,fault0_0110,fault0_0110.csv,train,
0,Normal,1580.5843746271698,0.0,1.0,12000.0,12000,fault0_0111,fault0_0111.csv,train,
0,Normal,1673.2092785481316,0.0,1.0,12000.0,12000,fault0_0112,fault0_0112.csv,train,
0,Normal,2055.4256995663204,0.0,1.0,12000.0,12000,fault0_0113,fault0_0113.csv,train,
0,Normal,2011.7051397956411,0.0,1.0,12000.0,12000,fault0_0114,fault0_0114.csv,train,
0,Normal,1959.19810391249,0.0,1.0,12000.0,12000,fault0_0115,fault0_0115.csv,train,
0,Normal,1841.5280976982338,0.0,1.0,12000.0,12000,fault0_0116,fault0_0116.csv,train,
0,Normal,1635.4312134109439,0.0,1.0,12000.0,12000,fault0_0117,fault0_0117.csv,val,
0,Normal,1681.617075718062,0.0,1.0,12000.0,12000,fault0_0118,fault0_0118.csv,train,
0,Normal,1878.5550397898705,0.0,1.0,12000.0,12000,fault0_0119,fault0_0119.csv,train,
0,Normal,2037.8476355505736,0.0,1.0,12000.0,12000,fault0_0120,fault0_0120.csv,test,
0,Normal,2024.0267707190421,0.0,1.0,12000.0,12000,fault0_0121,fault0_0121.csv,train,
0,Normal,1538.3465729255884,0.0,1.0,12000.0,12000,fault0_0122,fault0_0122.csv,test,
0,Normal,1761.2194400913497,0.0,1.0,12000.0,12000,fault0_0123,fault0_0123.csv,test,
0,Normal,2050.3547876281964,0.0,1.0,12000.0,12000,fault0_0124,fault0_0124.csv,test,
0,Normal,1689.0024017175763,0.0,1.0,12000.0,12000,fault0_0125,fault0_0125.csv,train,
0,Normal,1989.6138026191027,0.0,1.0,12000.0,12000,fault0_0126,fault0_0126.csv,train,
0,Normal,1621.52608321049,0.0,1.0,12000.0,12000,fault0_0127,fault0_0127.csv,train,
0,Normal,2035.5235780468215,0.0,1.0,12000.0,12000,fault0_0128,fault0_0128.csv,train,
0,Normal,1837.833031848257,0.0,1.0,12000.0,12000,fault0_0129,fault0_0129.csv,train,
0,Normal,1862.1039024175514,0.0,1.0,12000.0,12000,fault0_0130,fault0_0130.csv,test,
0,Normal,1605.6453682277229,0.0,1.0,12000.0,12000,fault0_0131,fault0_0131.csv,train,
0,Normal,2003.781458841096,0.0,1.0,12000.0,12000,fault0_0132,fault0_0132.csv,val,
0,Normal,1906.3885001374447,0.0,1.0,12000.0,12000,fault0_0133,fault0_0133.csv,val,
0,Normal,1724.1252216586677,0.0,1.0,12000.0,12000,fault0_0134,fault0_0134.csv,train,
0,Normal,1967.0550239583974,0.0,1.0,12000.0,12000,fault0_0135,fault0_0135.csv,val,
0,Normal,1998.2190520332558,0.0,1.0,12000.0,12000,fault0_0136,fault0_0136.csv,test,
0,Normal,1806.1248953849063,0.0,1.0,12000.0,12000,fault0_0137,fault0_0137.csv,train,
0,Normal,1961.0793966420586,0.0,1.0,12000.0,12000,fault0_0138,fault0_0138.csv,train,
0,Normal,1909.0621137191595,0.0,1.0,12000.0,12000,fault0_0139,fault0_0139.csv,val,
0,Normal,2010.6028845814856,0.0,1.0,12000.0,12000,fault0_0140,fault0_0140.csv,train,
0,Normal,1732.8147944255695,0.0,1.0,12000.0,12000,fault0_0141,fault0_0141.csv,train,
0,Normal,1842.2712761379337,0.0,1.0,12000.0,12000,fault0_0142,fault0_0142.csv,train,
0,Normal,1781.4229297915283,0.0,1.0,12000.0,12000,fault0_0143,fault0_0143.csv,train,
0,Normal,1684.7322761492735,0.0,1.0,12000.0,12000,fault0_0144,fault0_0144.csv,train,
0,Normal,1546.4701349670866,0.0,1.0,12000.0,12000,fault0_0145,fault0_0145.csv,train,
0,Normal,1974.2043027562154,0.0,1.0,12000.0,12000,fault0_0146,fault0_0146.csv,train,
0,Normal,1598.6126768320175,0.0,1.0,12000.0,12000,fault0_0147,fault0_0147.csv,train,
0,Normal,1945.79651867325,0.0,1.0,12000.0,12000,fault0_0148,fault0_0148.csv,train,
0,Normal,1866.3608569422602,0.0,1.0,12000.0,12000,fault0_0149,fault0_0149.csv,train,
0,Normal,1557.908129431048,0.0,1.0,12000.0,12000,fault0_0150,fault0_0150.csv,train,
0,Normal,1821.9429656694574,0.0,1.0,12000.0,12000,fault0_0151,fault0_0151.csv,train,
0,Normal,1922.0893202102372,0.0,1.0,12000.0,12000,fault0_0152,fault0_0152.csv,test,
0,Normal,1808.8021880826457,0.0,1.0,12000.0,12000,fault0_0153,fault0_0153.csv,train,
0,Normal,1959.4005451750998,0.0,1.0,12000.0,12000,fault0_0154,fault0_0154.csv,train,
0,Normal,1767.0445671810435,0.0,1.0,12000.0,12000,fault0_0155,fault0_0155.csv,train,
0,Normal,1543.6894014443471,0.0,1.0,12000.0,12000,fault0_0156,fault0_0156.csv,test,
0,Normal,1981.429265076591,0.0,1.0,12000.0,12000,fault0_0157,fault0_0157.csv,train,
0,Normal,1750.8345899837054,0.0,1.0,12000.0,12000,fault0_0158,fault0_0158.csv,train,
0,Normal,1614.4760030423863,0.0,1.0,12000.0,12000,fault0_0159,fault0_0159.csv,train,
0,Normal,1826.582398941305,0.0,1.0,12000.0,12000,fault0_0160,fault0_0160.csv,val,
0,Normal,1886.5065834275747,0.0,1.0,12000.0,12000,fault0_0161,fault0_0161.csv,train,
0,Normal,2045.6272515581247,0.0,1.0,12000.0,12000,fault0_0162,fault0_0162.csv,val,
0,Normal,1829.3511883561564,0.0,1.0,12000.0,12000,fault0_0163,fault0_0163.csv,train,
0,Normal,1756.5840337110064,0.0,1.0,12000.0,12000,fault0_0164,fault0_0164.csv,train,
0,Normal,1722.2252464716812,0.0,1.0,12000.0,12000,fault0_0165,fault0_0165.csv,val,
0,Normal,1537.7724838600682,0.0,1.0,12000.0,12000,fault0_0166,fault0_0166.csv,train,
0,Normal,1554.8414266917464,0.0,1.0,12000.0,12000,fault0_0167,fault0_0167.csv,train,
0,Normal,1991.9487153659438,0.0,1.0,12000.0,12000,fault0_0168,fault0_0168.csv,val,
0,Normal,1786.0538677071554,0.0,1.0,12000.0,12000,fault0_0169,fault0_0169.csv,train,
0,Normal,1795.4725725630892,0.0,1.0,12000.0,12000,fault0_0170,fault0_0170.csv,train,
0,Normal,1623.529009751408,0.0,1.0,12000.0,12000,fault0_0171,fault0_0171.csv,train,
0,Normal,1745.1925565745814,0.0,1.0,12000.0,12000,fault0_0172,fault0_0172.csv,train,
0,Normal,1872.9505714685276,0.0,1.0,12000.0,12000,fault0_0173,fault0_0173.csv,train,
0,Normal,1732.2908118982944,0.0,1.0,12000.0,12000,fault0_0174,fault0_0174.csv,train,
0,Normal,1801.6935796332473,0.0,1.0,12000.0,12000,fault0_0175,fault0_0175.csv,test,
0,Normal,1885.69456107423,0.0,1.0,12000.0,12000,fault0_0176,fault0_0176.csv,train,
0,Normal,1568.107123596232,0.0,1.0,12000.0,12000,fault0_0177,fault0_0177.csv,train,
0,Normal,1544.3161076924757,0.0,1.0,12000.0,12000,fault0_0178,fault0_0178.csv,train,
0,Normal,2037.7243303694768,0.0,1.0,12000.0,12000,fault0_0179,fault0_0179.csv,train,
0,Normal,1739.6117601515218,0.0,1.0,12000.0,12000,fault0_0180,fault0_0180.csv,train,
0,Normal,1777.4565608654189,0.0,1.0,12000.0,12000,fault0_0181,fault0_0181.csv,train,
0,Normal,2038.3909967393238,0.0,1.0,12000.0,12000,fault0_0182,fault0_0182.csv,train,
0,Normal,2049.0429044649136,0.0,1.0,12000.0,12000,fault0_0183,fault0_0183.csv,test,
0,Normal,1635.72721278622,0.0,1.0,12000.0,12000,fault0_0184,fault0_0184.csv,train,
0,Normal,1584.4201207438102,0.0,1.0,12000.0,12000,fault0_0185,fault0_0185.csv,train,
0,Normal,1580.9991988082013,0.0,1.0,12000.0,12000,fault0_0186,fault0_0186.csv,train,
0,Normal,1568.4418701685236,0.0,1.0,12000.0,12000,fault0_0187,fault0_0187.csv,train,
0,Normal,1986.2326679235055,0.0,1.0,12000.0,12000,fault0_0188,fault0_0188.csv,train,
0,Normal,1969.8129805980254,0.0,1.0,12000.0,12000,fault0_0189,fault0_0189.csv,train,
0,Normal,1593.8090069156942,0.0,1.0,12000.0,12000,fault0_0190,fault0_0190.csv,train,
0,Normal,1869.6291372611374,0.0,1.0,12000.0,12000,fault0_0191,fault0_0191.csv,test,
0,Normal,1926.9383636540983,0.0,1.0,12000.0,12000,fault0_0192,fault0_0192.csv,val,
0,Normal,1682.2986691885055,0.0,1.0,12000.0,12000,fault0_0193,fault0_0193.csv,train,
0,Normal,1935.3319658860632,0.0,1.0,12000.0,12000,fault0_0194,fault0_0194.csv,val,
0,Normal,2064.8727766803636,0.0,1.0,12000.0,12000,fault0_0195,fault0_0195.csv,train,
0,Normal,1730.889766328103,0.0,1.0,12000.0,12000,fault0_0196,fault0_0196.csv,val,
0,Normal,1714.0339117366295,0.0,1.0,12000.0,12000,fault0_0197,fault0_0197.csv,test,
0,Normal,1993.5428859952262,0.0,1.0,12000.0,12000,fault0_0198,fault0_0198.csv,train,
0,Normal,1935.4703766074088,0.0,1.0,12000.0,12000,fault0_0199,fault0_0199.csv,val,
1,Bearing Fault,1585.6868891714037,0.9171699706776316,1.0,12000.0,12000,fault1_0000,fault1_0000.csv,train,bearing_outer
1,Bearing Fault,1976.2870316981803,0.42204216087602,1.0,12000.0,12000,fault1_0001,fault1_0001.csv,test,bearing_inner
1,Bearing Fault,1740.168906516448,0.1592120037582536,1.0,12000.0,12000,fault1_0002,fault1_0002.csv,test,bearing_ball
1,Bearing Fault,1579.2948054645121,0.42141659195185266,1.0,12000.0,12000,fault1_0003,fault1_0003.csv,test,bearing_inner
1,Bearing Fault,2043.3278593462803,0.6374222049047932,1.0,12000.0,12000,fault1_0004,fault1_0004.csv,train,bearing_outer
1,Bearing Fault,1772.1605818682926,0.39922915594335484,1.0,12000.0,12000,fault1_0005,fault1_0005.csv,train,bearing_ball
1,Bearing Fault,1893.1599662816006,0.789518350022028,1.0,12000.0,12000,fault1_0006,fault1_0006.csv,val,bearing_inner
1,Bearing Fault,1956.393797109059,0.2275251875913868,1.0,12000.0,12000,fault1_0007,fault1_0007.csv,train,bearing_inner
1,Bearing Fault,1561.0817304089878,0.6170995499751751,1.0,12000.0,12000,fault1_0008,fault1_0008.csv,train,bearing_outer
1,Bearing Fault,2009.3602586894817,0.44827776066926683,1.0,12000.0,12000,fault1_0009,fault1_0009.csv,train,bearing_ball
1,Bearing Fault,1607.2155083085313,0.7972840369598514,1.0,12000.0,12000,fault1_0010,fault1_0010.csv,train,bearing_ball
1,Bearing Fault,1584.6062451063067,0.2214907851977478,1.0,12000.0,12000,fault1_0011,fault1_0011.csv,val,bearing_inner
1,Bearing Fault,1569.2920234366643,0.8485810503968028,1.0,12000.0,12000,fault1_0012,fault1_0012.csv,val,bearing_ball
1,Bearing Fault,1573.9283415466257,0.22211205697241312,1.0,12000.0,12000,fault1_0013,fault1_0013.csv,test,bearing_inner
1,Bearing Fault,1732.106229708305,0.4650458250068573,1.0,12000.0,12000,fault1_0014,fault1_0014.csv,val,bearing_inner
1,Bearing Fault,2041.5142317872837,0.9881009042494403,1.0,12000.0,12000,fault1_0015,fault1_0015.csv,val,bearing_inner
1,Bearing Fault,1733.1801761866943,0.22097560919386844,1.0,12000.0,12000,fault1_0016,fault1_0016.csv,val,bearing_ball
1,Bearing Fault,1831.5382948573344,0.5105887078599298,1.0,12000.0,12000,fault1_0017,fault1_0017.csv,test,bearing_ball
1,Bearing Fault,1590.0466404453216,0.5687313386472302,1.0,12000.0,12000,fault1_0018,fault1_0018.csv,train,bearing_inner
1,Bearing Fault,1783.0767466768282,0.19785778432956175,1.0,12000.0,12000,fault1_0019,fault1_0019.csv,train,bearing_inner
1,Bearing Fault,1593.4641732596365,0.7018287567986541,1.0,12000.0,12000,fault1_0020,fault1_0020.csv,val,bearing_ball
1,Bearing Fault,1845.019133152466,0.9678466662033607,1.0,12000.0,12000,fault1_0021,fault1_0021.csv,train,bearing_inner
1,Bearing Fault,1684.2845265922047,0.8883092589610413,1.0,12000.0,12000,fault1_0022,fault1_0022.csv,train,bearing_inner
1,Bearing Fault,2050.14017129793,0.1603313034863439,1.0,12000.0,12000,fault1_0023,fault1_0023.csv,test,bearing_outer
1,Bearing Fault,1553.306352453311,0.9074716466433604,1.0,12000.0,12000,fault1_0024,fault1_0024.csv,train,bearing_ball
1,Bearing Fault,2066.2009899044224,0.21272708002508903,1.0,12000.0,12000,fault1_0025,fault1_0025.csv,train,bearing_outer
1,Bearing Fault,2053.423369234313,0.5946331675446265,1.0,12000.0,12000,fault1_0026,fault1_0026.csv,train,bearing_ball
1,Bearing Fault,1905.704292051693,0.5363599050526072,1.0,12000.0,12000,fault1_0027,fault1_0027.csv,train,bearing_ball
1,Bearing Fault,1845.529728438474,0.9159843089173406,1.0,12000.0,12000,fault1_0028,fault1_0028.csv,train,bearing_inner
1,Bearing Fault,1681.7201223798045,0.957849761465075,1.0,12000.0,12000,fault1_0029,fault1_0029.csv,test,bearing_inner
1,Bearing Fault,1776.0546465042848,0.6771127081313062,1.0,12000.0,12000,fault1_0030,fault1_0030.csv,train,bearing_inner
1,Bearing Fault,1631.585426250831,0.5441436441989849,1.0,12000.0,12000,fault1_0031,fault1_0031.csv,train,bearing_inner
1,Bearing Fault,1845.1743003994707,0.2160744414202371,1.0,12000.0,12000,fault1_0032,fault1_0032.csv,test,bearing_outer
1,Bearing Fault,2062.5538020189856,0.7434374569167834,1.0,12000.0,12000,fault1_0033,fault1_0033.csv,train,bearing_ball
1,Bearing Fault,1697.1449127946169,0.8417257667509064,1.0,12000.0,12000,fault1_0034,fault1_0034.csv,train,bearing_outer
1,Bearing Fault,1617.8131472462412,0.9242881068197661,1.0,12000.0,12000,fault1_0035,fault1_0035.csv,val,bearing_outer
1,Bearing Fault,2042.891953177639,0.766861582130106,1.0,12000.0,12000,fault1_0036,fault1_0036.csv,train,bearing_inner
1,Bearing Fault,1755.851239596934,0.9428192108509112,1.0,12000.0,12000,fault1_0037,fault1_0037.csv,test,bearing_outer
1,Bearing Fault,1554.4180818573423,0.1724119283226642,1.0,12000.0,12000,fault1_0038,fault1_0038.csv,train,bearing_outer
1,Bearing Fault,1967.6987986221895,0.9891847099177028,1.0,12000.0,12000,fault1_0039,fault1_0039.csv,train,bearing_inner
1,Bearing Fault,1850.830586290153,0.4737572281363682,1.0,12000.0,12000,fault1_0040,fault1_0040.csv,test,bearing_outer
1,Bearing Fault,1984.7442184932827,0.8625793990044672,1.0,12000.0,12000,fault1_0041,fault1_0041.csv,train,bearing_inner
1,Bearing Fault,1754.002531262339,0.3823960111411003,1.0,12000.0,12000,fault1_0042,fault1_0042.csv,train,bearing_outer
1,Bearing Fault,1996.9500831777289,0.840965857760566,1.0,12000.0,12000,fault1_0043,fault1_0043.csv,test,bearing_inner
1,Bearing Fault,2068.183892019909,0.6221169497622333,1.0,12000.0,12000,fault1_0044,fault1_0044.csv,val,bearing_outer
1,Bearing Fault,2040.1734941365107,0.8722002820757997,1.0,12000.0,12000,fault1_0045,fault1_0045.csv,train,bearing_ball
1,Bearing Fault,1773.2938330674504,0.2597855028787707,1.0,12000.0,12000,fault1_0046,fault1_0046.csv,test,bearing_outer
1,Bearing Fault,1857.334302603475,0.3443463846779433,1.0,12000.0,12000,fault1_0047,fault1_0047.csv,train,bearing_ball
1,Bearing Fault,1863.7892498472636,0.4544383103279144,1.0,12000.0,12000,fault1_0048,fault1_0048.csv,train,bearing_inner
1,Bearing Fault,1892.6495256201117,0.5922615457682243,1.0,12000.0,12000,fault1_0049,fault1_0049.csv,val,bearing_inner
1,Bearing Fault,1810.8882906004762,0.8743542752707592,1.0,12000.0,12000,fault1_0050,fault1_0050.csv,train,bearing_inner
1,Bearing Fault,1832.9065046291087,0.8951555622595933,1.0,12000.0,12000,fault1_0051,fault1_0051.csv,train,bearing_ball
1,Bearing Fault,1602.3682233633458,0.17446527486633812,1.0,12000.0,12000,fault1_0052,fault1_0052.csv,val,bearing_inner
1,Bearing Fault,1864.9671577308707,0.74846780288434,1.0,12000.0,12000,fault1_0053,fault1_0053.csv,train,bearing_ball
1,Bearing Fault,1603.6405968168558,0.16236296581769963,1.0,12000.0,12000,fault1_0054,fault1_0054.csv,train,bearing_outer
1,Bearing Fault,1848.5555509015016,0.4834074383347725,1.0,12000.0,12000,fault1_0055,fault1_0055.csv,train,bearing_outer
1,Bearing Fault,2018.245695026624,0.4460171469698053,1.0,12000.0,12000,fault1_0056,fault1_0056.csv,train,bearing_inner
1,Bearing Fault,1953.1726268802172,0.4870613649730796,1.0,12000.0,12000,fault1_0057,fault1_0057.csv,train,bearing_inner
1,Bearing Fault,1995.6764027232425,0.9570925301089958,1.0,12000.0,12000,fault1_0058,fault1_0058.csv,train,bearing_ball
1,Bearing Fault,2030.3573175872068,0.5682988491176074,1.0,12000.0,12000,fault1_0059,fault1_0059.csv,train,bearing_outer
1,Bearing Fault,1777.933308368661,0.9830276889926555,1.0,12000.0,12000,fault1_0060,fault1_0060.csv,train,bearing_inner
1,Bearing Fault,1707.5258695552543,0.6883907261692169,1.0,12000.0,12000,fault1_0061,fault1_0061.csv,train,bearing_ball
1,Bearing Fault,1570.9661971786786,0.25954776362405185,1.0,12000.0,12000,fault1_0062,fault1_0062.csv,train,bearing_outer
1,Bearing Fault,1612.027454496639,0.2680030967519986,1.0,12000.0,12000,fault1_0063,fault1_0063.csv,train,bearing_outer
1,Bearing Fault,1628.2152455755381,0.4438171908252837,1.0,12000.0,12000,fault1_0064,fault1_0064.csv,test,bearing_inner
1,Bearing Fault,1785.939285741951,0.7174240777428731,1.0,12000.0,12000,fault1_0065,fault1_0065.csv,train,bearing_ball
1,Bearing Fault,1633.8360701566821,0.184738323826507,1.0,12000.0,12000,fault1_0066,fault1_0066.csv,train,bearing_ball
1,Bearing Fault,1680.4387830772575,0.30045891163523475,1.0,12000.0,12000,fault1_0067,fault1_0067.csv,train,bearing_inner
1,Bearing Fault,1595.1433703943244,0.5416619528278169,1.0,12000.0,12000,fault1_0068,fault1_0068.csv,train,bearing_inner
1,Bearing Fault,1726.7057249659606,0.5779046802266283,1.0,12000.0,12000,fault1_0069,fault1_0069.csv,train,bearing_ball
1,Bearing Fault,1551.2285555141934,0.8294988390726863,1.0,12000.0,12000,fault1_0070,fault1_0070.csv,train,bearing_ball
1,Bearing Fault,1574.1498772523908,0.8925418304907606,1.0,12000.0,12000,fault1_0071,fault1_0071.csv,test,bearing_inner
1,Bearing Fault,1562.9820983216264,0.38534600092512317,1.0,12000.0,12000,fault1_0072,fault1_0072.csv,val,bearing_outer
1,Bearing Fault,1934.0602328071752,0.3068428664529207,1.0,12000.0,12000,fault1_0073,fault1_0073.csv,train,bearing_ball
1,Bearing Fault,1730.0549355073463,0.5618445374123681,1.0,12000.0,12000,fault1_0074,fault1_0074.csv,train,bearing_outer
1,Bearing Fault,1729.213365367677,0.5431545087131757,1.0,12000.0,12000,fault1_0075,fault1_0075.csv,val,bearing_ball
1,Bearing Fault,1549.808929560923,0.3645714026924176,1.0,12000.0,12000,fault1_0076,fault1_0076.csv,val,bearing_inner
1,Bearing Fault,2013.4116923510874,0.5849258257983162,1.0,12000.0,12000,fault1_0077,fault1_0077.csv,train,bearing_outer
1,Bearing Fault,1587.872886123479,0.5303005117999364,1.0,12000.0,12000,fault1_0078,fault1_0078.csv,train,bearing_ball
1,Bearing Fault,1660.934071962754,0.3788567463069738,1.0,12000.0,12000,fault1_0079,fault1_0079.csv,train,bearing_outer
1,Bearing Fault,1540.8384467999722,0.4237672907457015,1.0,12000.0,12000,fault1_0080,fault1_0080.csv,train,bearing_inner
1,Bearing Fault,1706.8485701760737,0.25179781204636353,1.0,12000.0,12000,fault1_0081,fault1_0081.csv,test,bearing_outer
1,Bearing Fault,1850.5399249191862,0.7272369712728162,1.0,12000.0,12000,fault1_0082,fault1_0082.csv,val,bearing_inner
1,Bearing Fault,1799.1587874216907,0.22388224487431013,1.0,12000.0,12000,fault1_0083,fault1_0083.csv,train,bearing_ball
1,Bearing Fault,1846.8942037312745,0.7836235530566805,1.0,12000.0,12000,fault1_0084,fault1_0084.csv,train,bearing_inner
1,Bearing Fault,1598.8933635096043,0.3912095199289158,1.0,12000.0,12000,fault1_0085,fault1_0085.csv,train,bearing_inner
1,Bearing Fault,1878.7953103190646,0.6351615589685751,1.0,12000.0,12000,fault1_0086,fault1_0086.csv,train,bearing_inner
1,Bearing Fault,2062.718234348209,0.6649085964533541,1.0,12000.0,12000,fault1_0087,fault1_0087.csv,train,bearing_outer
1,Bearing Fault,1584.962535215018,0.2799302683066822,1.0,12000.0,12000,fault1_0088,fault1_0088.csv,train,bearing_inner
1,Bearing Fault,1616.7679415601601,0.3085819704436099,1.0,12000.0,12000,fault1_0089,fault1_0089.csv,train,bearing_ball
1,Bearing Fault,1623.6217414591677,0.9122506109324614,1.0,12000.0,12000,fault1_0090,fault1_0090.csv,train,bearing_ball
1,Bearing Fault,1813.2361503679372,0.4988373029412123,1.0,12000.0,12000,fault1_0091,fault1_0091.csv,test,bearing_outer
1,Bearing Fault,1590.5010071707482,0.48817725918888033,1.0,12000.0,12000,fault1_0092,fault1_0092.csv,test,bearing_ball
1,Bearing Fault,1997.3738479827493,0.844511260306888,1.0,12000.0,12000,fault1_0093,fault1_0093.csv,train,bearing_inner
1,Bearing Fault,1622.2792971906356,0.7183467369357663,1.0,12000.0,12000,fault1_0094,fault1_0094.csv,test,bearing_inner
1,Bearing Fault,1830.6519622275218,0.6358707860494148,1.0,12000.0,12000,fault1_0095,fault1_0095.csv,train,bearing_inner
1,Bearing Fault,1945.5261839236457,0.3089871862738949,1.0,12000.0,12000,fault1_0096,fault1_0096.csv,train,bearing_inner
1,Bearing Fault,1759.735676852865,0.5814688218817867,1.0,12000.0,12000,fault1_0097,fault1_0097.csv,train,bearing_ball
1,Bearing Fault,1592.0118853591698,0.6690270360753877,1.0,12000.0,12000,fault1_0098,fault1_0098.csv,train,bearing_outer
1,Bearing Fault,1843.8686395682105,0.28120830798307195,1.0,12000.0,12000,fault1_0099,fault1_0099.csv,train,bearing_inner
1,Bearing Fault,1817.598293577856,0.19405000629906285,1.0,12000.0,12000,fault1_0100,fault1_0100.csv,train,bearing_inner
1,Bearing Fault,1602.583925547046,0.20386872490185257,1.0,12000.0,12000,fault1_0101,fault1_0101.csv,test,bearing_inner
1,Bearing Fault,1704.0710762863503,0.8383932789764397,1.0,12000.0,12000,fault1_0102,fault1_0102.csv,train,bearing_inner
1,Bearing Fault,1898.0114700009217,0.7961936809062335,1.0,12000.0,12000,fault1_0103,fault1_0103.csv,train,bearing_inner
1,Bearing Fault,1784.6511418170855,0.5000647770251783,1.0,12000.0,12000,fault1_0104,fault1_0104.csv,train,bearing_inner
1,Bearing Fault,2031.9457378938255,0.8560264966195698,1.0,12000.0,12000,fault1_0105,fault1_0105.csv,test,bearing_outer
1,Bearing Fault,1597.1205006821942,0.7712373539230977,1.0,12000.0,12000,fault1_0106,fault1_0106.csv,test,bearing_ball
1,Bearing Fault,1627.8658557294566,0.20652182726176085,1.0,12000.0,12000,fault1_0107,fault1_0107.csv,val,bearing_inner
1,Bearing Fault,1840.2154811171522,0.8655544602445312,1.0,12000.0,12000,fault1_0108,fault1_0108.csv,train,bearing_ball
1,Bearing Fault,1959.4443484043404,0.32138322204058284,1.0,12000.0,12000,fault1_0109,fault1_0109.csv,train,bearing_ball
1,Bearing Fault,1618.703530882736,0.8423885121966748,1.0,12000.0,12000,fault1_0110,fault1_0110.csv,train,bearing_outer
1,Bearing Fault,1812.4553293753243,0.45500591150497716,1.0,12000.0,12000,fault1_0111,fault1_0111.csv,test,bearing_ball
1,Bearing Fault,1741.920358008223,0.8441095235508406,1.0,12000.0,12000,fault1_0112,fault1_0112.csv,train,bearing_inner
1,Bearing Fault,1733.54999188945,0.5432778178191655,1.0,12000.0,12000,fault1_0113,fault1_0113.csv,train,bearing_inner
1,Bearing Fault,1933.7090652951756,0.5773123315786073,1.0,12000.0,12000,fault1_0114,fault1_0114.csv,train,bearing_outer
1,Bearing Fault,2015.7702695682667,0.4763075381672297,1.0,12000.0,12000,fault1_0115,fault1_0115.csv,train,bearing_ball
1,Bearing Fault,2019.4949399208554,0.6806022965268933,1.0,12000.0,12000,fault1_0116,fault1_0116.csv,train,bearing_ball
1,Bearing Fault,2037.5093467512766,0.6835518451107052,1.0,12000.0,12000,fault1_0117,fault1_0117.csv,train,bearing_outer
1,Bearing Fault,1605.206919238229,0.8249214108797516,1.0,12000.0,12000,fault1_0118,fault1_0118.csv,train,bearing_inner
1,Bearing Fault,1818.0689896672134,0.909808695593314,1.0,12000.0,12000,fault1_0119,fault1_0119.csv,val,bearing_inner
1,Bearing Fault,1611.9044350556856,0.41496375762621596,1.0,12000.0,12000,fault1_0120,fault1_0120.csv,train,bearing_inner
1,Bearing Fault,1931.7309979892452,0.17850256952541246,1.0,12000.0,12000,fault1_0121,fault1_0121.csv,train,bearing_ball
1,Bearing Fault,1941.727690299973,0.8952507912474871,1.0,12000.0,12000,fault1_0122,fault1_0122.csv,train,bearing_outer
1,Bearing Fault,1973.4789445228869,0.24403697641192612,1.0,12000.0,12000,fault1_0123,fault1_0123.csv,val,bearing_ball
1,Bearing Fault,1598.8438776592704,0.4876941969763121,1.0,12000.0,12000,fault1_0124,fault1_0124.csv,val,bearing_inner
1,Bearing Fault,1610.955410768338,0.34486368594774525,1.0,12000.0,12000,fault1_0125,fault1_0125.csv,val,bearing_inner
1,Bearing Fault,1918.81972973488,0.6949754879525027,1.0,12000.0,12000,fault1_0126,fault1_0126.csv,train,bearing_ball
1,Bearing Fault,1823.0711994077021,0.36402920007090983,1.0,12000.0,12000,fault1_0127,fault1_0127.csv,train,bearing_outer
1,Bearing Fault,1628.0627670727697,0.9221829771335841,1.0,12000.0,12000,fault1_0128,fault1_0128.csv,train,bearing_outer
1,Bearing Fault,1746.4597650523654,0.5427049330975128,1.0,12000.0,12000,fault1_0129,fault1_0129.csv,test,bearing_ball
1,Bearing Fault,1612.8097576826833,0.6482953572142777,1.0,12000.0,12000,fault1_0130,fault1_0130.csv,train,bearing_ball
1,Bearing Fault,1860.1852871347098,0.16539365624771443,1.0,12000.0,12000,fault1_0131,fault1_0131.csv,test,bearing_inner
1,Bearing Fault,2033.3438725411504,0.6303632060508276,1.0,12000.0,12000,fault1_0132,fault1_0132.csv,train,bearing_ball
1,Bearing Fault,2028.1496658357396,0.7511528391663889,1.0,12000.0,12000,fault1_0133,fault1_0133.csv,train,bearing_inner
1,Bearing Fault,1841.1957144900791,0.6657077894254275,1.0,12000.0,12000,fault1_0134,fault1_0134.csv,train,bearing_ball
1,Bearing Fault,1927.6798872373504,0.9442119625536626,1.0,12000.0,12000,fault1_0135,fault1_0135.csv,test,bearing_inner
1,Bearing Fault,1773.4532605582312,0.24625233896464194,1.0,12000.0,12000,fault1_0136,fault1_0136.csv,test,bearing_outer
1,Bearing Fault,1983.004966680804,0.2559632790227768,1.0,12000.0,12000,fault1_0137,fault1_0137.csv,test,bearing_outer
1,Bearing Fault,1999.7440355135489,0.5910123485571612,1.0,12000.0,12000,fault1_0138,fault1_0138.csv,train,bearing_inner
1,Bearing Fault,1745.4614600898701,0.19654739299872662,1.0,12000.0,12000,fault1_0139,fault1_0139.csv,train,bearing_ball
1,Bearing Fault,1963.540862242926,0.15393721955391243,1.0,12000.0,12000,fault1_0140,fault1_0140.csv,train,bearing_inner
1,Bearing Fault,1745.0110945391093,0.6067862624972344,1.0,12000.0,12000,fault1_0141,fault1_0141.csv,test,bearing_ball
1,Bearing Fault,1717.026836957619,0.4449102216117935,1.0,12000.0,12000,fault1_0142,fault1_0142.csv,val,bearing_ball
1,Bearing Fault,1774.1976880804957,0.34091409949898466,1.0,12000.0,12000,fault1_0143,fault1_0143.csv,train,bearing_inner
1,Bearing Fault,1606.0627910050919,0.2999289385302898,1.0,12000.0,12000,fault1_0144,fault1_0144.csv,train,bearing_outer
1,Bearing Fault,1756.2197427324556,0.9276190159078851,1.0,12000.0,12000,fault1_0145,fault1_0145.csv,train,bearing_ball
1,Bearing Fault,1843.5177091501434,0.6874246447316008,1.0,12000.0,12000,fault1_0146,fault1_0146.csv,train,bearing_inner
1,Bearing Fault,1888.3101808890235,0.3013305718392887,1.0,12000.0,12000,fault1_0147,fault1_0147.csv,test,bearing_outer
1,Bearing Fault,1610.2778729866811,0.5024305051679702,1.0,12000.0,12000,fault1_0148,fault1_0148.csv,train,bearing_outer
1,Bearing Fault,2068.3120959968114,0.5768657587815562,1.0,12000.0,12000,fault1_0149,fault1_0149.csv,train,bearing_inner
1,Bearing Fault,1566.2212977897507,0.7874663998393011,1.0,12000.0,12000,fault1_0150,fault1_0150.csv,train,bearing_ball
1,Bearing Fault,2014.9493162979854,0.32436869440970606,1.0,12000.0,12000,fault1_0151,fault1_0151.csv,train,bearing_outer
1,Bearing Fault,1549.736820637971,0.5512569033434993,1.0,12000.0,12000,fault1_0152,fault1_0152.csv,train,bearing_outer
1,Bearing Fault,1565.4826652913102,0.809198474190759,1.0,12000.0,12000,fault1_0153,fault1_0153.csv,train,bearing_outer
1,Bearing Fault,1813.170745436893,0.524648334897494,1.0,12000.0,12000,fault1_0154,fault1_0154.csv,train,bearing_outer
1,Bearing Fault,1832.2057789064377,0.28195420904110563,1.0,12000.0,12000,fault1_0155,fault1_0155.csv,train,bearing_inner
1,Bearing Fault,1995.3642353472994,0.9541981428135878,1.0,12000.0,12000,fault1_0156,fault1_0156.csv,train,bearing_inner
1,Bearing Fault,1676.2021234975189,0.6973996117531635,1.0,12000.0,12000,fault1_0157,fault1_0157.csv,train,bearing_outer
1,Bearing Fault,1543.708632056586,0.28272970776126183,1.0,12000.0,12000,fault1_0158,fault1_0158.csv,val,bearing_ball
1,Bearing Fault,1885.8189286314816,0.17303159362796097,1.0,12000.0,12000,fault1_0159,fault1_0159.csv,train,bearing_outer
1,Bearing Fault,1654.7803901575585,0.7211088320589192,1.0,12000.0,12000,fault1_0160,fault1_0160.csv,train,bearing_inner
1,Bearing Fault,1586.2186342716698,0.8299286725672109,1.0,12000.0,12000,fault1_0161,fault1_0161.csv,train,bearing_ball
1,Bearing Fault,1882.4828982400124,0.35245536388971754,1.0,12000.0,12000,fault1_0162,fault1_0162.csv,train,bearing_outer
1,Bearing Fault,1661.3129831397052,0.7639268920773102,1.0,12000.0,12000,fault1_0163,fault1_0163.csv,test,bearing_outer
1,Bearing Fault,1978.3187268661752,0.48760600017568656,1.0,12000.0,12000,fault1_0164,fault1_0164.csv,train,bearing_ball
1,Bearing Fault,1640.6915195245433,0.3991755707218613,1.0,12000.0,12000,fault1_0165,fault1_0165.csv,test,bearing_ball
1,Bearing Fault,1537.0210386957974,0.22268225122629787,1.0,12000.0,12000,fault1_0166,fault1_0166.csv,train,bearing_outer
1,Bearing Fault,1544.3273900918625,0.3042201198263277,1.0,12000.0,12000,fault1_0167,fault1_0167.csv,train,bearing_ball
1,Bearing Fault,1757.5692573199487,0.9087709544154287,1.0,12000.0,12000,fault1_0168,fault1_0168.csv,val,bearing_inner
1,Bearing Fault,1714.581369916853,0.37050991841659864,1.0,12000.0,12000,fault1_0169,fault1_0169.csv,train,bearing_outer
1,Bearing Fault,1848.759268957996,0.3778540946994448,1.0,12000.0,12000,fault1_0170,fault1_0170.csv,train,bearing_inner
1,Bearing Fault,1751.0822921832696,0.6192401037241831,1.0,12000.0,12000,fault1_0171,fault1_0171.csv,train,bearing_outer
1,Bearing Fault,1689.0115101526355,0.9561853109178332,1.0,12000.0,12000,fault1_0172,fault1_0172.csv,val,bearing_ball
1,Bearing Fault,1605.6611149138841,0.8881977795132259,1.0,12000.0,12000,fault1_0173,fault1_0173.csv,train,bearing_inner
1,Bearing Fault,2013.058202522809,0.8298769675552179,1.0,12000.0,12000,fault1_0174,fault1_0174.csv,train,bearing_ball
1,Bearing Fault,1542.1334264928632,0.37837575547720415,1.0,12000.0,12000,fault1_0175,fault1_0175.csv,train,bearing_inner
1,Bearing Fault,1872.0782387061195,0.36920453261822195,1.0,12000.0,12000,fault1_0176,fault1_0176.csv,train,bearing_outer
1,Bearing Fault,1980.8623278716213,0.9867418535980194,1.0,12000.0,12000,fault1_0177,fault1_0177.csv,train,bearing_outer
1,Bearing Fault,1622.7068143580836,0.3814612275414636,1.0,12000.0,12000,fault1_0178,fault1_0178.csv,train,bearing_outer
1,Bearing Fault,2023.7213555426692,0.25008842045661994,1.0,12000.0,12000,fault1_0179,fault1_0179.csv,train,bearing_inner
1,Bearing Fault,1677.9898191710913,0.6210513021384244,1.0,12000.0,12000,fault1_0180,fault1_0180.csv,train,bearing_outer
1,Bearing Fault,1978.0605740018887,0.32545808099651274,1.0,12000.0,12000,fault1_0181,fault1_0181.csv,train,bearing_ball
1,Bearing Fault,1603.9182402371557,0.9150158455708893,1.0,12000.0,12000,fault1_0182,fault1_0182.csv,test,bearing_inner
1,Bearing Fault,1852.6030751719663,0.6604393313686053,1.0,12000.0,12000,fault1_0183,fault1_0183.csv,train,bearing_ball
1,Bearing Fault,1624.7004904566627,0.9272501540362158,1.0,12000.0,12000,fault1_0184,fault1_0184.csv,train,bearing_inner
1,Bearing Fault,1736.8948052547285,0.5910800494904119,1.0,12000.0,12000,fault1_0185,fault1_0185.csv,train,bearing_ball
1,Bearing Fault,1619.7930191282828,0.7773285739624148,1.0,12000.0,12000,fault1_0186,fault1_0186.csv,train,bearing_outer
1,Bearing Fault,1855.7021391118496,0.35854674322912283,1.0,12000.0,12000,fault1_0187,fault1_0187.csv,train,bearing_ball
1,Bearing Fault,1685.894617856178,0.4523218089952068,1.0,12000.0,12000,fault1_0188,fault1_0188.csv,val,bearing_outer
1,Bearing Fault,1690.4457264365144,0.6314439442523626,1.0,12000.0,12000,fault1_0189,fault1_0189.csv,train,bearing_ball
1,Bearing Fault,1888.38242929583,0.9463052784260443,1.0,12000.0,12000,fault1_0190,fault1_0190.csv,val,bearing_outer
1,Bearing Fault,1646.0678044390086,0.17650566480209195,1.0,12000.0,12000,fault1_0191,fault1_0191.csv,train,bearing_inner
1,Bearing Fault,1851.3420825781373,0.1937119414616128,1.0,12000.0,12000,fault1_0192,fault1_0192.csv,train,bearing_outer
1,Bearing Fault,1852.2951384151202,0.4341073071944167,1.0,12000.0,12000,fault1_0193,fault1_0193.csv,val,bearing_outer
1,Bearing Fault,1587.5630566922366,0.21386711447543744,1.0,12000.0,12000,fault1_0194,fault1_0194.csv,val,bearing_outer
1,Bearing Fault,1797.5653107513472,0.7351420369635756,1.0,12000.0,12000,fault1_0195,fault1_0195.csv,train,bearing_ball
1,Bearing Fault,1663.0570979491176,0.8462369700230697,1.0,12000.0,12000,fault1_0196,fault1_0196.csv,val,bearing_inner
1,Bearing Fault,1905.1360942613903,0.3813233666454683,1.0,12000.0,12000,fault1_0197,fault1_0197.csv,train,bearing_inner
1,Bearing Fault,1724.9259043476143,0.227844762327639,1.0,12000.0,12000,fault1_0198,fault1_0198.csv,test,bearing_ball
1,Bearing Fault,1603.882060696239,0.957701750747682,1.0,12000.0,12000,fault1_0199,fault1_0199.csv,train,bearing_ball
2,Rotor Imbalance,1629.9717815728545,0.6106158052716044,1.0,12000.0,12000,fault2_0000,fault2_0000.csv,test,rotor_imbalance
2,Rotor Imbalance,1925.4014386611627,0.8355769756822322,1.0,12000.0,12000,fault2_0001,fault2_0001.csv,train,rotor_imbalance
2,Rotor Imbalance,1903.8293448396405,0.8718163038305214,1.0,12000.0,12000,fault2_0002,fault2_0002.csv,train,rotor_imbalance
2,Rotor Imbalance,1794.2894803672957,0.3380280255466619,1.0,12000.0,12000,fault2_0003,fault2_0003.csv,test,rotor_imbalance
2,Rotor Imbalance,2039.7920434307712,0.18351278966323,1.0,12000.0,12000,fault2_0004,fault2_0004.csv,val,rotor_imbalance
2,Rotor Imbalance,2029.6340914044592,0.30348904335823346,1.0,12000.0,12000,fault2_0005,fault2_0005.csv,train,rotor_imbalance
2,Rotor Imbalance,2024.3636806975426,0.178854081797929,1.0,12000.0,12000,fault2_0006,fault2_0006.csv,train,rotor_imbalance
2,Rotor Imbalance,1690.5684639811775,0.9357367660700509,1.0,12000.0,12000,fault2_0007,fault2_0007.csv,test,rotor_imbalance
2,Rotor Imbalance,2039.9039041212543,0.5530820841588442,1.0,12000.0,12000,fault2_0008,fault2_0008.csv,test,rotor_imbalance
2,Rotor Imbalance,1986.0566752089378,0.42123540225676726,1.0,12000.0,12000,fault2_0009,fault2_0009.csv,val,rotor_imbalance
2,Rotor Imbalance,1549.984122746366,0.656829396709745,1.0,12000.0,12000,fault2_0010,fault2_0010.csv,train,rotor_imbalance
2,Rotor Imbalance,1595.1061183197305,0.2154102213848278,1.0,12000.0,12000,fault2_0011,fault2_0011.csv,train,rotor_imbalance
2,Rotor Imbalance,1713.5324804347556,0.7660517557994473,1.0,12000.0,12000,fault2_0012,fault2_0012.csv,train,rotor_imbalance
2,Rotor Imbalance,1700.2567824285295,0.6085675985190366,1.0,12000.0,12000,fault2_0013,fault2_0013.csv,val,rotor_imbalance
2,Rotor Imbalance,1702.1263515833177,0.6820076699714578,1.0,12000.0,12000,fault2_0014,fault2_0014.csv,test,rotor_imbalance
2,Rotor Imbalance,1862.5661216184444,0.34801555354058866,1.0,12000.0,12000,fault2_0015,fault2_0015.csv,train,rotor_imbalance
2,Rotor Imbalance,1999.8533919065019,0.16807899922282907,1.0,12000.0,12000,fault2_0016,fault2_0016.csv,test,rotor_imbalance
2,Rotor Imbalance,1815.6260523746942,0.9482075437359617,1.0,12000.0,12000,fault2_0017,fault2_0017.csv,val,rotor_imbalance
2,Rotor Imbalance,2068.8844196880023,0.4481050431339536,1.0,12000.0,12000,fault2_0018,fault2_0018.csv,val,rotor_imbalance
2,Rotor Imbalance,1747.0426933489905,0.5578942772583225,1.0,12000.0,12000,fault2_0019,fault2_0019.csv,train,rotor_imbalance
2,Rotor Imbalance,2001.7856416606228,0.9864709488194009,1.0,12000.0,12000,fault2_0020,fault2_0020.csv,val,rotor_imbalance
2,Rotor Imbalance,1755.5940623703602,0.5081534519355096,1.0,12000.0,12000,fault2_0021,fault2_0021.csv,val,rotor_imbalance
2,Rotor Imbalance,1658.939658714883,0.24390299616168545,1.0,12000.0,12000,fault2_0022,fault2_0022.csv,train,rotor_imbalance
2,Rotor Imbalance,1685.1090554932039,0.40186190238759156,1.0,12000.0,12000,fault2_0023,fault2_0023.csv,train,rotor_imbalance
2,Rotor Imbalance,1552.7303224036355,0.16519284452340174,1.0,12000.0,12000,fault2_0024,fault2_0024.csv,test,rotor_imbalance
2,Rotor Imbalance,1760.9974922173656,0.4766776500857294,1.0,12000.0,12000,fault2_0025,fault2_0025.csv,train,rotor_imbalance
2,Rotor Imbalance,1647.8570994471347,0.9574670063576916,1.0,12000.0,12000,fault2_0026,fault2_0026.csv,val,rotor_imbalance
2,Rotor Imbalance,1578.2819412486201,0.5049436594171891,1.0,12000.0,12000,fault2_0027,fault2_0027.csv,test,rotor_imbalance
2,Rotor Imbalance,2040.1552920373613,0.5472912845623893,1.0,12000.0,12000,fault2_0028,fault2_0028.csv,train,rotor_imbalance
2,Rotor Imbalance,1620.1983308897206,0.9924933322164301,1.0,12000.0,12000,fault2_0029,fault2_0029.csv,train,rotor_imbalance
2,Rotor Imbalance,2039.0751580329677,0.7021996516435132,1.0,12000.0,12000,fault2_0030,fault2_0030.csv,train,rotor_imbalance
2,Rotor Imbalance,1806.8517959489145,0.34606933996009487,1.0,12000.0,12000,fault2_0031,fault2_0031.csv,train,rotor_imbalance
2,Rotor Imbalance,1649.0625528978946,0.30847252282261634,1.0,12000.0,12000,fault2_0032,fault2_0032.csv,val,rotor_imbalance
2,Rotor Imbalance,1719.0676399500342,0.1991662750788869,1.0,12000.0,12000,fault2_0033,fault2_0033.csv,test,rotor_imbalance
2,Rotor Imbalance,2007.2443778802499,0.938589440715931,1.0,12000.0,12000,fault2_0034,fault2_0034.csv,test,rotor_imbalance
2,Rotor Imbalance,1623.903434578523,0.48680571606726,1.0,12000.0,12000,fault2_0035,fault2_0035.csv,val,rotor_imbalance
2,Rotor Imbalance,1905.851133749048,0.2808115203888768,1.0,12000.0,12000,fault2_0036,fault2_0036.csv,val,rotor_imbalance
2,Rotor Imbalance,1651.1979087917966,0.3402449725992296,1.0,12000.0,12000,fault2_0037,fault2_0037.csv,train,rotor_imbalance
2,Rotor Imbalance,1850.1875648145199,0.6430732766621394,1.0,12000.0,12000,fault2_0038,fault2_0038.csv,train,rotor_imbalance
2,Rotor Imbalance,2003.8288658204053,0.3757600362004001,1.0,12000.0,12000,fault2_0039,fault2_0039.csv,train,rotor_imbalance
2,Rotor Imbalance,2009.9239631292476,0.9623037734952904,1.0,12000.0,12000,fault2_0040,fault2_0040.csv,test,rotor_imbalance
2,Rotor Imbalance,1967.1386803514342,0.7069556835431685,1.0,12000.0,12000,fault2_0041,fault2_0041.csv,train,rotor_imbalance
2,Rotor Imbalance,1576.9728503521615,0.49718523111009394,1.0,12000.0,12000,fault2_0042,fault2_0042.csv,train,rotor_imbalance
2,Rotor Imbalance,1670.267043230576,0.7649070966352972,1.0,12000.0,12000,fault2_0043,fault2_0043.csv,train,rotor_imbalance
2,Rotor Imbalance,1573.7649565901297,0.33715572165733965,1.0,12000.0,12000,fault2_0044,fault2_0044.csv,train,rotor_imbalance
2,Rotor Imbalance,1571.110664124762,0.8735258769414533,1.0,12000.0,12000,fault2_0045,fault2_0045.csv,train,rotor_imbalance
2,Rotor Imbalance,1789.5167517563898,0.65354661696059,1.0,12000.0,12000,fault2_0046,fault2_0046.csv,val,rotor_imbalance
2,Rotor Imbalance,1717.8169722671842,0.726313729675204,1.0,12000.0,12000,fault2_0047,fault2_0047.csv,train,rotor_imbalance
2,Rotor Imbalance,1674.1952658914875,0.8968354884018843,1.0,12000.0,12000,fault2_0048,fault2_0048.csv,val,rotor_imbalance
2,Rotor Imbalance,1885.5639907155498,0.8729944697301056,1.0,12000.0,12000,fault2_0049,fault2_0049.csv,test,rotor_imbalance
2,Rotor Imbalance,1912.5160074261187,0.8614613291091212,1.0,12000.0,12000,fault2_0050,fault2_0050.csv,train,rotor_imbalance
2,Rotor Imbalance,1897.276016750562,0.6758196714829067,1.0,12000.0,12000,fault2_0051,fault2_0051.csv,val,rotor_imbalance
2,Rotor Imbalance,1615.6467568582598,0.8987401453190892,1.0,12000.0,12000,fault2_0052,fault2_0052.csv,test,rotor_imbalance
2,Rotor Imbalance,1545.7935328386618,0.8519442379800483,1.0,12000.0,12000,fault2_0053,fault2_0053.csv,train,rotor_imbalance
2,Rotor Imbalance,1710.9641812999364,0.7819820178478666,1.0,12000.0,12000,fault2_0054,fault2_0054.csv,train,rotor_imbalance
2,Rotor Imbalance,1971.7021930242936,0.8573140512640807,1.0,12000.0,12000,fault2_0055,fault2_0055.csv,train,rotor_imbalance
2,Rotor Imbalance,1533.44837072709,0.3939824131986759,1.0,12000.0,12000,fault2_0056,fault2_0056.csv,train,rotor_imbalance
2,Rotor Imbalance,2059.8405361348086,0.6870414979641681,1.0,12000.0,12000,fault2_0057,fault2_0057.csv,train,rotor_imbalance
2,Rotor Imbalance,1872.36307967379,0.6089875727584771,1.0,12000.0,12000,fault2_0058,fault2_0058.csv,val,rotor_imbalance
2,Rotor Imbalance,1587.7695449665573,0.7968737171267238,1.0,12000.0,12000,fault2_0059,fault2_0059.csv,train,rotor_imbalance
2,Rotor Imbalance,2050.015682083857,0.4405913411328831,1.0,12000.0,12000,fault2_0060,fault2_0060.csv,train,rotor_imbalance
2,Rotor Imbalance,2033.295176975409,0.23713326879207736,1.0,12000.0,12000,fault2_0061,fault2_0061.csv,test,rotor_imbalance
2,Rotor Imbalance,1901.4582900424393,0.2076615002393961,1.0,12000.0,12000,fault2_0062,fault2_0062.csv,train,rotor_imbalance
2,Rotor Imbalance,1912.4129278684518,0.20724801124845593,1.0,12000.0,12000,fault2_0063,fault2_0063.csv,train,rotor_imbalance
2,Rotor Imbalance,1716.7768507545966,0.6777781901023555,1.0,12000.0,12000,fault2_0064,fault2_0064.csv,train,rotor_imbalance
2,Rotor Imbalance,2000.6298753222832,0.9774656238007874,1.0,12000.0,12000,fault2_0065,fault2_0065.csv,test,rotor_imbalance
2,Rotor Imbalance,1934.8119891411793,0.2605733041110372,1.0,12000.0,12000,fault2_0066,fault2_0066.csv,val,rotor_imbalance
2,Rotor Imbalance,1543.2769348877528,0.16880501879964765,1.0,12000.0,12000,fault2_0067,fault2_0067.csv,train,rotor_imbalance
2,Rotor Imbalance,1793.8673228185194,0.8048463051366243,1.0,12000.0,12000,fault2_0068,fault2_0068.csv,train,rotor_imbalance
2,Rotor Imbalance,1770.7874614434438,0.38258266633941596,1.0,12000.0,12000,fault2_0069,fault2_0069.csv,test,rotor_imbalance
2,Rotor Imbalance,1760.1379032074253,0.5336789706802242,1.0,12000.0,12000,fault2_0070,fault2_0070.csv,train,rotor_imbalance
2,Rotor Imbalance,1959.197156324962,0.7396298919142653,1.0,12000.0,12000,fault2_0071,fault2_0071.csv,train,rotor_imbalance
2,Rotor Imbalance,1574.4857646325552,0.7284244067635062,1.0,12000.0,12000,fault2_0072,fault2_0072.csv,train,rotor_imbalance
2,Rotor Imbalance,1677.560144579033,0.9582340279128488,1.0,12000.0,12000,fault2_0073,fault2_0073.csv,train,rotor_imbalance
2,Rotor Imbalance,1763.4607925630048,0.952073532142459,1.0,12000.0,12000,fault2_0074,fault2_0074.csv,train,rotor_imbalance
2,Rotor Imbalance,1874.804011738606,0.48795523826837517,1.0,12000.0,12000,fault2_0075,fault2_0075.csv,train,rotor_imbalance
2,Rotor Imbalance,2061.347929898307,0.4979339053677866,1.0,12000.0,12000,fault2_0076,fault2_0076.csv,test,rotor_imbalance
2,Rotor Imbalance,1654.1754871811866,0.3311389984213208,1.0,12000.0,12000,fault2_0077,fault2_0077.csv,train,rotor_imbalance
2,Rotor Imbalance,1881.9000857029778,0.46324739216519695,1.0,12000.0,12000,fault2_0078,fault2_0078.csv,test,rotor_imbalance
2,Rotor Imbalance,1785.5333496134408,0.9729644137275135,1.0,12000.0,12000,fault2_0079,fault2_0079.csv,train,rotor_imbalance
2,Rotor Imbalance,1999.0565106960298,0.8101073248729804,1.0,12000.0,12000,fault2_0080,fault2_0080.csv,val,rotor_imbalance
2,Rotor Imbalance,1986.182943183119,0.7968703923015491,1.0,12000.0,12000,fault2_0081,fault2_0081.csv,train,rotor_imbalance
2,Rotor Imbalance,1600.872233948489,0.1776472525675641,1.0,12000.0,12000,fault2_0082,fault2_0082.csv,test,rotor_imbalance
2,Rotor Imbalance,1862.9911698411986,0.8270566973297498,1.0,12000.0,12000,fault2_0083,fault2_0083.csv,train,rotor_imbalance
2,Rotor Imbalance,1593.346422039693,0.2564079233721679,1.0,12000.0,12000,fault2_0084,fault2_0084.csv,train,rotor_imbalance
2,Rotor Imbalance,1762.3651832457099,0.3204460176952862,1.0,12000.0,12000,fault2_0085,fault2_0085.csv,train,rotor_imbalance
2,Rotor Imbalance,1564.6728260205725,0.6446756916272389,1.0,12000.0,12000,fault2_0086,fault2_0086.csv,train,rotor_imbalance
2,Rotor Imbalance,1960.6819143440816,0.41380766508503763,1.0,12000.0,12000,fault2_0087,fault2_0087.csv,train,rotor_imbalance
2,Rotor Imbalance,1536.2750915503743,0.21157985462537504,1.0,12000.0,12000,fault2_0088,fault2_0088.csv,train,rotor_imbalance
2,Rotor Imbalance,1789.1669707472465,0.6600174659014082,1.0,12000.0,12000,fault2_0089,fault2_0089.csv,train,rotor_imbalance
2,Rotor Imbalance,1905.290218508333,0.8811040376108239,1.0,12000.0,12000,fault2_0090,fault2_0090.csv,val,rotor_imbalance
2,Rotor Imbalance,1551.394165688113,0.5584309051691546,1.0,12000.0,12000,fault2_0091,fault2_0091.csv,train,rotor_imbalance
2,Rotor Imbalance,1660.704308565765,0.9886632042770744,1.0,12000.0,12000,fault2_0092,fault2_0092.csv,train,rotor_imbalance
2,Rotor Imbalance,1799.3996028637323,0.6754323741704013,1.0,12000.0,12000,fault2_0093,fault2_0093.csv,val,rotor_imbalance
2,Rotor Imbalance,1832.2102890829335,0.15830522030630612,1.0,12000.0,12000,fault2_0094,fault2_0094.csv,train,rotor_imbalance
2,Rotor Imbalance,1809.564287427744,0.22468652427310834,1.0,12000.0,12000,fault2_0095,fault2_0095.csv,train,rotor_imbalance
2,Rotor Imbalance,1547.929678747338,0.21679172258176763,1.0,12000.0,12000,fault2_0096,fault2_0096.csv,train,rotor_imbalance
2,Rotor Imbalance,1601.6665071832526,0.6324097210223244,1.0,12000.0,12000,fault2_0097,fault2_0097.csv,train,rotor_imbalance
2,Rotor Imbalance,1962.3168175189048,0.32012770760808856,1.0,12000.0,12000,fault2_0098,fault2_0098.csv,train,rotor_imbalance
2,Rotor Imbalance,1586.466633780576,0.6909657121120912,1.0,12000.0,12000,fault2_0099,fault2_0099.csv,val,rotor_imbalance
2,Rotor Imbalance,1547.0565182058467,0.9457804093071364,1.0,12000.0,12000,fault2_0100,fault2_0100.csv,train,rotor_imbalance
2,Rotor Imbalance,1822.3000210625778,0.752701441533279,1.0,12000.0,12000,fault2_0101,fault2_0101.csv,test,rotor_imbalance
2,Rotor Imbalance,1915.6069433515108,0.8314688706093231,1.0,12000.0,12000,fault2_0102,fault2_0102.csv,train,rotor_imbalance
2,Rotor Imbalance,1970.0055614231167,0.21809761942697387,1.0,12000.0,12000,fault2_0103,fault2_0103.csv,test,rotor_imbalance
2,Rotor Imbalance,1825.6998831230176,0.8447031044681197,1.0,12000.0,12000,fault2_0104,fault2_0104.csv,train,rotor_imbalance
2,Rotor Imbalance,1877.5319554061234,0.5974422617956963,1.0,12000.0,12000,fault2_0105,fault2_0105.csv,val,rotor_imbalance
2,Rotor Imbalance,1574.0801902965184,0.20129927139197923,1.0,12000.0,12000,fault2_0106,fault2_0106.csv,train,rotor_imbalance
2,Rotor Imbalance,1616.1541272611216,0.8910160316033714,1.0,12000.0,12000,fault2_0107,fault2_0107.csv,train,rotor_imbalance
2,Rotor Imbalance,2056.9672381423306,0.4363614230054408,1.0,12000.0,12000,fault2_0108,fault2_0108.csv,train,rotor_imbalance
2,Rotor Imbalance,1956.4371938569386,0.7099016091757447,1.0,12000.0,12000,fault2_0109,fault2_0109.csv,train,rotor_imbalance
2,Rotor Imbalance,1829.8963175063209,0.7613215115314242,1.0,12000.0,12000,fault2_0110,fault2_0110.csv,train,rotor_imbalance
2,Rotor Imbalance,2068.0203146706403,0.9785741878247657,1.0,12000.0,12000,fault2_0111,fault2_0111.csv,train,rotor_imbalance
2,Rotor Imbalance,1637.7529235017382,0.7281940060665977,1.0,12000.0,12000,fault2_0112,fault2_0112.csv,train,rotor_imbalance
2,Rotor Imbalance,1546.5523511911354,0.3690304552345316,1.0,12000.0,12000,fault2_0113,fault2_0113.csv,train,rotor_imbalance
2,Rotor Imbalance,1998.8671529205253,0.7680937093013618,1.0,12000.0,12000,fault2_0114,fault2_0114.csv,val,rotor_imbalance
2,Rotor Imbalance,1759.7664006019606,0.4440447436649184,1.0,12000.0,12000,fault2_0115,fault2_0115.csv,train,rotor_imbalance
2,Rotor Imbalance,2063.330764417471,0.1840928127006101,1.0,12000.0,12000,fault2_0116,fault2_0116.csv,test,rotor_imbalance
2,Rotor Imbalance,1842.4847206290926,0.5228231063111519,1.0,12000.0,12000,fault2_0117,fault2_0117.csv,val,rotor_imbalance
2,Rotor Imbalance,1792.8012283693395,0.8924097523694114,1.0,12000.0,12000,fault2_0118,fault2_0118.csv,test,rotor_imbalance
2,Rotor Imbalance,1757.7293005116658,0.38530362764979387,1.0,12000.0,12000,fault2_0119,fault2_0119.csv,train,rotor_imbalance
2,Rotor Imbalance,2022.676206633013,0.3290628606548166,1.0,12000.0,12000,fault2_0120,fault2_0120.csv,train,rotor_imbalance
2,Rotor Imbalance,1871.0425188499607,0.7731460690529889,1.0,12000.0,12000,fault2_0121,fault2_0121.csv,train,rotor_imbalance
2,Rotor Imbalance,1916.5454809283276,0.9226776425657949,1.0,12000.0,12000,fault2_0122,fault2_0122.csv,train,rotor_imbalance
2,Rotor Imbalance,1658.273395458894,0.9756858299353937,1.0,12000.0,12000,fault2_0123,fault2_0123.csv,train,rotor_imbalance
2,Rotor Imbalance,1991.3679504195725,0.5684361779808296,1.0,12000.0,12000,fault2_0124,fault2_0124.csv,train,rotor_imbalance
2,Rotor Imbalance,2000.204946687156,0.5285094667522656,1.0,12000.0,12000,fault2_0125,fault2_0125.csv,train,rotor_imbalance
2,Rotor Imbalance,1723.9860194758733,0.6540082237196884,1.0,12000.0,12000,fault2_0126,fault2_0126.csv,train,rotor_imbalance
2,Rotor Imbalance,1741.1840297919507,0.9740004739849943,1.0,12000.0,12000,fault2_0127,fault2_0127.csv,train,rotor_imbalance
2,Rotor Imbalance,1884.6377988522977,0.42641155459099067,1.0,12000.0,12000,fault2_0128,fault2_0128.csv,val,rotor_imbalance
2,Rotor Imbalance,1600.6717767879088,0.974347888316763,1.0,12000.0,12000,fault2_0129,fault2_0129.csv,train,rotor_imbalance
2,Rotor Imbalance,1657.4672502070905,0.21247223523051076,1.0,12000.0,12000,fault2_0130,fault2_0130.csv,train,rotor_imbalance
2,Rotor Imbalance,1810.6779322202494,0.4364526999665933,1.0,12000.0,12000,fault2_0131,fault2_0131.csv,val,rotor_imbalance
2,Rotor Imbalance,1762.6792627773752,0.3614071316994854,1.0,12000.0,12000,fault2_0132,fault2_0132.csv,train,rotor_imbalance
2,Rotor Imbalance,1911.6596971181405,0.29198562171580733,1.0,12000.0,12000,fault2_0133,fault2_0133.csv,train,rotor_imbalance
2,Rotor Imbalance,1549.8025705441132,0.7759417128057945,1.0,12000.0,12000,fault2_0134,fault2_0134.csv,train,rotor_imbalance
2,Rotor Imbalance,1786.3006729048993,0.8675448816238176,1.0,12000.0,12000,fault2_0135,fault2_0135.csv,val,rotor_imbalance
2,Rotor Imbalance,1846.091356774246,0.8880305884362698,1.0,12000.0,12000,fault2_0136,fault2_0136.csv,train,rotor_imbalance
2,Rotor Imbalance,1590.436594474773,0.37928716978944116,1.0,12000.0,12000,fault2_0137,fault2_0137.csv,train,rotor_imbalance
2,Rotor Imbalance,1816.831545120557,0.9461148384507173,1.0,12000.0,12000,fault2_0138,fault2_0138.csv,train,rotor_imbalance
2,Rotor Imbalance,1595.9393535654144,0.53436917404092,1.0,12000.0,12000,fault2_0139,fault2_0139.csv,test,rotor_imbalance
2,Rotor Imbalance,1700.724296687445,0.5811495873851336,1.0,12000.0,12000,fault2_0140,fault2_0140.csv,train,rotor_imbalance
2,Rotor Imbalance,1610.105328519528,0.9886356045150199,1.0,12000.0,12000,fault2_0141,fault2_0141.csv,test,rotor_imbalance
2,Rotor Imbalance,1532.6675897045811,0.9590400176097531,1.0,12000.0,12000,fault2_0142,fault2_0142.csv,train,rotor_imbalance
2,Rotor Imbalance,1998.6758790408119,0.5365288772887802,1.0,12000.0,12000,fault2_0143,fault2_0143.csv,train,rotor_imbalance
2,Rotor Imbalance,1793.9771533387368,0.7168346189141886,1.0,12000.0,12000,fault2_0144,fault2_0144.csv,train,rotor_imbalance
2,Rotor Imbalance,1546.185738531246,0.4117404503525123,1.0,12000.0,12000,fault2_0145,fault2_0145.csv,val,rotor_imbalance
2,Rotor Imbalance,1639.0008641463921,0.7224175683261798,1.0,12000.0,12000,fault2_0146,fault2_0146.csv,test,rotor_imbalance
2,Rotor Imbalance,1580.7063865262858,0.7217118004913573,1.0,12000.0,12000,fault2_0147,fault2_0147.csv,train,rotor_imbalance
2,Rotor Imbalance,1998.7968173638528,0.300577321030278,1.0,12000.0,12000,fault2_0148,fault2_0148.csv,train,rotor_imbalance
2,Rotor Imbalance,1982.5822564099792,0.9529220865529198,1.0,12000.0,12000,fault2_0149,fault2_0149.csv,train,rotor_imbalance
2,Rotor Imbalance,1798.4743725645505,0.6751701541710318,1.0,12000.0,12000,fault2_0150,fault2_0150.csv,test,rotor_imbalance
2,Rotor Imbalance,1838.1292631849678,0.17582900074231134,1.0,12000.0,12000,fault2_0151,fault2_0151.csv,test,rotor_imbalance
2,Rotor Imbalance,1902.3444455570432,0.7250363779106596,1.0,12000.0,12000,fault2_0152,fault2_0152.csv,train,rotor_imbalance
2,Rotor Imbalance,1885.7981539256348,0.48478474480603473,1.0,12000.0,12000,fault2_0153,fault2_0153.csv,train,rotor_imbalance
2,Rotor Imbalance,1587.560236366315,0.7091685089125807,1.0,12000.0,12000,fault2_0154,fault2_0154.csv,test,rotor_imbalance
2,Rotor Imbalance,1556.0345009847001,0.9805980565881197,1.0,12000.0,12000,fault2_0155,fault2_0155.csv,train,rotor_imbalance
2,Rotor Imbalance,2000.20686318212,0.8150276614495324,1.0,12000.0,12000,fault2_0156,fault2_0156.csv,train,rotor_imbalance
2,Rotor Imbalance,1928.7625729957163,0.8967382271061457,1.0,12000.0,12000,fault2_0157,fault2_0157.csv,train,rotor_imbalance
2,Rotor Imbalance,1706.597907244149,0.717454377729047,1.0,12000.0,12000,fault2_0158,fault2_0158.csv,val,rotor_imbalance
2,Rotor Imbalance,1941.6339727793725,0.8281416015298393,1.0,12000.0,12000,fault2_0159,fault2_0159.csv,train,rotor_imbalance
2,Rotor Imbalance,1971.6304767345116,0.25217769706501714,1.0,12000.0,12000,fault2_0160,fault2_0160.csv,train,rotor_imbalance
2,Rotor Imbalance,1533.1096766689857,0.4258979554152298,1.0,12000.0,12000,fault2_0161,fault2_0161.csv,train,rotor_imbalance
2,Rotor Imbalance,1743.9332534689977,0.7411471256863829,1.0,12000.0,12000,fault2_0162,fault2_0162.csv,train,rotor_imbalance
2,Rotor Imbalance,1772.2945562161665,0.35191251124317835,1.0,12000.0,12000,fault2_0163,fault2_0163.csv,train,rotor_imbalance
2,Rotor Imbalance,1652.7255987221017,0.21221653520317707,1.0,12000.0,12000,fault2_0164,fault2_0164.csv,train,rotor_imbalance
2,Rotor Imbalance,1890.8349112197088,0.6765667941081723,1.0,12000.0,12000,fault2_0165,fault2_0165.csv,train,rotor_imbalance
2,Rotor Imbalance,1735.0843212967839,0.8838336021360514,1.0,12000.0,12000,fault2_0166,fault2_0166.csv,train,rotor_imbalance
2,Rotor Imbalance,1788.7582139200545,0.17179575593547033,1.0,12000.0,12000,fault2_0167,fault2_0167.csv,train,rotor_imbalance
2,Rotor Imbalance,1735.3056341443626,0.4889993637623654,1.0,12000.0,12000,fault2_0168,fault2_0168.csv,train,rotor_imbalance
2,Rotor Imbalance,1818.1453752325144,0.666719328874428,1.0,12000.0,12000,fault2_0169,fault2_0169.csv,val,rotor_imbalance
2,Rotor Imbalance,1969.0122989066904,0.7604046147925203,1.0,12000.0,12000,fault2_0170,fault2_0170.csv,test,rotor_imbalance
2,Rotor Imbalance,1539.8455946452352,0.31641128783101413,1.0,12000.0,12000,fault2_0171,fault2_0171.csv,train,rotor_imbalance
2,Rotor Imbalance,1879.6363456434856,0.9133259666074889,1.0,12000.0,12000,fault2_0172,fault2_0172.csv,train,rotor_imbalance
2,Rotor Imbalance,2030.5986541900052,0.20122728174612672,1.0,12000.0,12000,fault2_0173,fault2_0173.csv,test,rotor_imbalance
2,Rotor Imbalance,1719.8762511094026,0.236207704181834,1.0,12000.0,12000,fault2_0174,fault2_0174.csv,train,rotor_imbalance
2,Rotor Imbalance,1668.6593465690744,0.3921419666676344,1.0,12000.0,12000,fault2_0175,fault2_0175.csv,train,rotor_imbalance
2,Rotor Imbalance,1963.6339848296384,0.6082870851739663,1.0,12000.0,12000,fault2_0176,fault2_0176.csv,train,rotor_imbalance
2,Rotor Imbalance,1859.5802429878956,0.7587280730897146,1.0,12000.0,12000,fault2_0177,fault2_0177.csv,train,rotor_imbalance
2,Rotor Imbalance,1753.3165148236899,0.2536031793364054,1.0,12000.0,12000,fault2_0178,fault2_0178.csv,train,rotor_imbalance
2,Rotor Imbalance,1897.8036411410906,0.3042225955412829,1.0,12000.0,12000,fault2_0179,fault2_0179.csv,train,rotor_imbalance
2,Rotor Imbalance,1912.8849813301138,0.24084538463053223,1.0,12000.0,12000,fault2_0180,fault2_0180.csv,train,rotor_imbalance
2,Rotor Imbalance,1668.5439031987364,0.9684878439519429,1.0,12000.0,12000,fault2_0181,fault2_0181.csv,train,rotor_imbalance
2,Rotor Imbalance,1965.2359768785855,0.6176925608328225,1.0,12000.0,12000,fault2_0182,fault2_0182.csv,train,rotor_imbalance
2,Rotor Imbalance,1871.901742820772,0.9586928408756584,1.0,12000.0,12000,fault2_0183,fault2_0183.csv,train,rotor_imbalance
2,Rotor Imbalance,1972.3619840904669,0.9015754938461467,1.0,12000.0,12000,fault2_0184,fault2_0184.csv,train,rotor_imbalance
2,Rotor Imbalance,1644.5042135504423,0.669333840523343,1.0,12000.0,12000,fault2_0185,fault2_0185.csv,train,rotor_imbalance
2,Rotor Imbalance,1983.525103548029,0.9150196548883095,1.0,12000.0,12000,fault2_0186,fault2_0186.csv,train,rotor_imbalance
2,Rotor Imbalance,1657.9101018462202,0.8134466879572826,1.0,12000.0,12000,fault2_0187,fault2_0187.csv,train,rotor_imbalance
2,Rotor Imbalance,1974.211731997386,0.5101775156014484,1.0,12000.0,12000,fault2_0188,fault2_0188.csv,train,rotor_imbalance
2,Rotor Imbalance,1581.5890694707207,0.6802804259750871,1.0,12000.0,12000,fault2_0189,fault2_0189.csv,train,rotor_imbalance
2,Rotor Imbalance,1846.7685701147561,0.2928120765831339,1.0,12000.0,12000,fault2_0190,fault2_0190.csv,val,rotor_imbalance
2,Rotor Imbalance,1995.9104218733432,0.3342288300771593,1.0,12000.0,12000,fault2_0191,fault2_0191.csv,train,rotor_imbalance
2,Rotor Imbalance,1542.7648364650217,0.6956757753767762,1.0,12000.0,12000,fault2_0192,fault2_0192.csv,train,rotor_imbalance
2,Rotor Imbalance,1825.2166028655977,0.3471550316985791,1.0,12000.0,12000,fault2_0193,fault2_0193.csv,train,rotor_imbalance
2,Rotor Imbalance,1851.0172210005333,0.572251830030294,1.0,12000.0,12000,fault2_0194,fault2_0194.csv,test,rotor_imbalance
2,Rotor Imbalance,1603.6774663806357,0.7408728709404547,1.0,12000.0,12000,fault2_0195,fault2_0195.csv,train,rotor_imbalance
2,Rotor Imbalance,1761.227792059832,0.7599581008094498,1.0,12000.0,12000,fault2_0196,fault2_0196.csv,train,rotor_imbalance
2,Rotor Imbalance,2065.2782365991816,0.25913514603600646,1.0,12000.0,12000,fault2_0197,fault2_0197.csv,train,rotor_imbalance
2,Rotor Imbalance,1921.1429612495203,0.6416288794554477,1.0,12000.0,12000,fault2_0198,fault2_0198.csv,train,rotor_imbalance
2,Rotor Imbalance,1572.8864592540526,0.22280951215696593,1.0,12000.0,12000,fault2_0199,fault2_0199.csv,test,rotor_imbalance
3,Shaft Misalignment,1633.6083553481212,0.4248658277981926,1.0,12000.0,12000,fault3_0000,fault3_0000.csv,train,misalignment_angular
3,Shaft Misalignment,1721.698005149246,0.20901026633417935,1.0,12000.0,12000,fault3_0001,fault3_0001.csv,train,misalignment_parallel
3,Shaft Misalignment,1566.5107843397961,0.8303030316490073,1.0,12000.0,12000,fault3_0002,fault3_0002.csv,train,misalignment_angular
3,Shaft Misalignment,1821.6064338864358,0.8980672244272395,1.0,12000.0,12000,fault3_0003,fault3_0003.csv,train,misalignment_parallel
3,Shaft Misalignment,1817.7972047377211,0.4256836901480693,1.0,12000.0,12000,fault3_0004,fault3_0004.csv,train,misalignment_parallel
3,Shaft Misalignment,1891.5229558070223,0.9950184570379924,1.0,12000.0,12000,fault3_0005,fault3_0005.csv,train,misalignment_parallel
3,Shaft Misalignment,1831.2030453798134,0.7710529337033591,1.0,12000.0,12000,fault3_0006,fault3_0006.csv,train,misalignment_parallel
3,Shaft Misalignment,1562.4768650044239,0.6279522934962233,1.0,12000.0,12000,fault3_0007,fault3_0007.csv,test,misalignment_parallel
3,Shaft Misalignment,1624.6635888731362,0.7365041571975659,1.0,12000.0,12000,fault3_0008,fault3_0008.csv,train,misalignment_parallel
3,Shaft Misalignment,1819.346949615464,0.23217498219971167,1.0,12000.0,12000,fault3_0009,fault3_0009.csv,train,misalignment_parallel
3,Shaft Misalignment,1938.3281976034325,0.44543579560313473,1.0,12000.0,12000,fault3_0010,fault3_0010.csv,train,misalignment_parallel
3,Shaft Misalignment,1959.5429788264535,0.9381011465575347,1.0,12000.0,12000,fault3_0011,fault3_0011.csv,train,misalignment_parallel
3,Shaft Misalignment,1745.6305945370264,0.27955361133085477,1.0,12000.0,12000,fault3_0012,fault3_0012.csv,test,misalignment_parallel
3,Shaft Misalignment,2030.5805226791194,0.6089635607384756,1.0,12000.0,12000,fault3_0013,fault3_0013.csv,val,misalignment_angular
3,Shaft Misalignment,1811.3173077269025,0.6800478348023458,1.0,12000.0,12000,fault3_0014,fault3_0014.csv,train,misalignment_angular
3,Shaft Misalignment,1937.8460270682763,0.25855646108994956,1.0,12000.0,12000,fault3_0015,fault3_0015.csv,val,misalignment_parallel
3,Shaft Misalignment,1952.2951673420084,0.75243299308153,1.0,12000.0,12000,fault3_0016,fault3_0016.csv,train,misalignment_parallel
3,Shaft Misalignment,1693.6893122104775,0.3736456844242164,1.0,12000.0,12000,fault3_0017,fault3_0017.csv,train,misalignment_parallel
3,Shaft Misalignment,1577.3270832524727,0.9464141495764034,1.0,12000.0,12000,fault3_0018,fault3_0018.csv,train,misalignment_parallel
3,Shaft Misalignment,1694.9831277553326,0.48743428951314094,1.0,12000.0,12000,fault3_0019,fault3_0019.csv,train,misalignment_parallel
3,Shaft Misalignment,1854.3209400147334,0.5883275135420231,1.0,12000.0,12000,fault3_0020,fault3_0020.csv,test,misalignment_parallel
3,Shaft Misalignment,1798.3602807691482,0.9933343125998157,1.0,12000.0,12000,fault3_0021,fault3_0021.csv,test,misalignment_parallel
3,Shaft Misalignment,1642.5956777529614,0.9410059324473288,1.0,12000.0,12000,fault3_0022,fault3_0022.csv,train,misalignment_parallel
3,Shaft Misalignment,1971.4228425852432,0.4735297994550931,1.0,12000.0,12000,fault3_0023,fault3_0023.csv,test,misalignment_parallel
3,Shaft Misalignment,1998.750612658023,0.835036590099978,1.0,12000.0,12000,fault3_0024,fault3_0024.csv,val,misalignment_parallel
3,Shaft Misalignment,1694.5267351129419,0.21878139059356433,1.0,12000.0,12000,fault3_0025,fault3_0025.csv,train,misalignment_parallel
3,Shaft Misalignment,1623.7032380927146,0.7407084255670925,1.0,12000.0,12000,fault3_0026,fault3_0026.csv,train,misalignment_parallel
3,Shaft Misalignment,2056.829508464354,0.6948262657435322,1.0,12000.0,12000,fault3_0027,fault3_0027.csv,val,misalignment_parallel
3,Shaft Misalignment,1601.563323280598,0.8827123099317292,1.0,12000.0,12000,fault3_0028,fault3_0028.csv,test,misalignment_parallel
3,Shaft Misalignment,1793.0134361622254,0.6653149970883309,1.0,12000.0,12000,fault3_0029,fault3_0029.csv,val,misalignment_parallel
3,Shaft Misalignment,1624.4128587206228,0.577181164993926,1.0,12000.0,12000,fault3_0030,fault3_0030.csv,train,misalignment_angular
3,Shaft Misalignment,1609.0419557676144,0.4624042589478017,1.0,12000.0,12000,fault3_0031,fault3_0031.csv,train,misalignment_parallel
3,Shaft Misalignment,1543.9384297527229,0.26489134578159934,1.0,12000.0,12000,fault3_0032,fault3_0032.csv,test,misalignment_angular
3,Shaft Misalignment,1826.745949383309,0.9709488369802369,1.0,12000.0,12000,fault3_0033,fault3_0033.csv,train,misalignment_angular
3,Shaft Misalignment,1698.38071186604,0.5802205834142075,1.0,12000.0,12000,fault3_0034,fault3_0034.csv,train,misalignment_angular
3,Shaft Misalignment,1587.0589295013417,0.6947023674866754,1.0,12000.0,12000,fault3_0035,fault3_0035.csv,train,misalignment_angular
3,Shaft Misalignment,1864.5774956448279,0.7026709285384304,1.0,12000.0,12000,fault3_0036,fault3_0036.csv,train,misalignment_parallel
3,Shaft Misalignment,1563.1287986397606,0.8136473481581739,1.0,12000.0,12000,fault3_0037,fault3_0037.csv,train,misalignment_angular
3,Shaft Misalignment,1561.408449572957,0.9956363695943021,1.0,12000.0,12000,fault3_0038,fault3_0038.csv,train,misalignment_angular
3,Shaft Misalignment,1905.3190235836187,0.9861270864739016,1.0,12000.0,12000,fault3_0039,fault3_0039.csv,train,misalignment_angular
3,Shaft Misalignment,1606.8146590910858,0.25317719850906456,1.0,12000.0,12000,fault3_0040,fault3_0040.csv,train,misalignment_parallel
3,Shaft Misalignment,1584.5647379457491,0.7383371404400121,1.0,12000.0,12000,fault3_0041,fault3_0041.csv,train,misalignment_parallel
3,Shaft Misalignment,1805.0879492008864,0.9971923257750303,1.0,12000.0,12000,fault3_0042,fault3_0042.csv,val,misalignment_parallel
3,Shaft Misalignment,1862.2184966447458,0.4103155776686199,1.0,12000.0,12000,fault3_0043,fault3_0043.csv,train,misalignment_angular
3,Shaft Misalignment,1814.6023905122918,0.5121708763068158,1.0,12000.0,12000,fault3_0044,fault3_0044.csv,train,misalignment_parallel
3,Shaft Misalignment,2008.7662762298517,0.5323169514981241,1.0,12000.0,12000,fault3_0045,fault3_0045.csv,train,misalignment_angular
3,Shaft Misalignment,1728.5900494737364,0.5020102896495879,1.0,12000.0,12000,fault3_0046,fault3_0046.csv,val,misalignment_parallel
3,Shaft Misalignment,1926.151765503157,0.8039091595951389,1.0,12000.0,12000,fault3_0047,fault3_0047.csv,train,misalignment_parallel
3,Shaft Misalignment,1754.723159017071,0.559142528890025,1.0,12000.0,12000,fault3_0048,fault3_0048.csv,train,misalignment_angular
3,Shaft Misalignment,1670.2991327223183,0.7962463496538148,1.0,12000.0,12000,fault3_0049,fault3_0049.csv,train,misalignment_parallel
3,Shaft Misalignment,1819.0674709843993,0.33292159121465187,1.0,12000.0,12000,fault3_0050,fault3_0050.csv,train,misalignment_parallel
3,Shaft Misalignment,1660.2487871037522,0.9794926916735457,1.0,12000.0,12000,fault3_0051,fault3_0051.csv,val,misalignment_parallel
3,Shaft Misalignment,2048.171387933358,0.5646759373374081,1.0,12000.0,12000,fault3_0052,fault3_0052.csv,train,misalignment_parallel
3,Shaft Misalignment,1825.8981240457942,0.5362207343759667,1.0,12000.0,12000,fault3_0053,fault3_0053.csv,val,misalignment_angular
3,Shaft Misalignment,1582.964593623492,0.5650049664685114,1.0,12000.0,12000,fault3_0054,fault3_0054.csv,train,misalignment_angular
3,Shaft Misalignment,1705.3250005206323,0.7767535157796297,1.0,12000.0,12000,fault3_0055,fault3_0055.csv,train,misalignment_parallel
3,Shaft Misalignment,1732.9796739787155,0.48530483678452996,1.0,12000.0,12000,fault3_0056,fault3_0056.csv,train,misalignment_parallel
3,Shaft Misalignment,1953.9089336720103,0.9082719855991992,1.0,12000.0,12000,fault3_0057,fault3_0057.csv,test,misalignment_parallel
3,Shaft Misalignment,1954.9278285778594,0.4180958613858108,1.0,12000.0,12000,fault3_0058,fault3_0058.csv,train,misalignment_parallel
3,Shaft Misalignment,1766.3056869899117,0.36647002873914347,1.0,12000.0,12000,fault3_0059,fault3_0059.csv,val,misalignment_angular
3,Shaft Misalignment,1550.7502284396553,0.91649769331511,1.0,12000.0,12000,fault3_0060,fault3_0060.csv,train,misalignment_angular
3,Shaft Misalignment,1874.0887974764714,0.7104508338749153,1.0,12000.0,12000,fault3_0061,fault3_0061.csv,test,misalignment_angular
3,Shaft Misalignment,1873.8016283702916,0.6718435470460525,1.0,12000.0,12000,fault3_0062,fault3_0062.csv,train,misalignment_parallel
3,Shaft Misalignment,1809.9403318504098,0.2776436506944854,1.0,12000.0,12000,fault3_0063,fault3_0063.csv,val,misalignment_parallel
3,Shaft Misalignment,1806.5998372388444,0.7281936123271003,1.0,12000.0,12000,fault3_0064,fault3_0064.csv,train,misalignment_angular
3,Shaft Misalignment,1575.7876886647337,0.75887487985328,1.0,12000.0,12000,fault3_0065,fault3_0065.csv,train,misalignment_angular
3,Shaft Misalignment,1568.4786329932397,0.16029220394965432,1.0,12000.0,12000,fault3_0066,fault3_0066.csv,test,misalignment_parallel
3,Shaft Misalignment,1928.2545141078635,0.4502636972267545,1.0,12000.0,12000,fault3_0067,fault3_0067.csv,train,misalignment_parallel
3,Shaft Misalignment,1718.8397440627587,0.8084555015040046,1.0,12000.0,12000,fault3_0068,fault3_0068.csv,train,misalignment_parallel
3,Shaft Misalignment,1630.0056066484326,0.2979929350339717,1.0,12000.0,12000,fault3_0069,fault3_0069.csv,train,misalignment_parallel
3,Shaft Misalignment,1886.5634686387225,0.7997167628884756,1.0,12000.0,12000,fault3_0070,fault3_0070.csv,train,misalignment_angular
3,Shaft Misalignment,1541.3102789566929,0.21984591735496323,1.0,12000.0,12000,fault3_0071,fault3_0071.csv,test,misalignment_angular
3,Shaft Misalignment,1689.5401798378068,0.8038396756624135,1.0,12000.0,12000,fault3_0072,fault3_0072.csv,train,misalignment_angular
3,Shaft Misalignment,1736.2474054125637,0.32483417286622185,1.0,12000.0,12000,fault3_0073,fault3_0073.csv,train,misalignment_angular
3,Shaft Misalignment,1862.1070027409878,0.8084387135421198,1.0,12000.0,12000,fault3_0074,fault3_0074.csv,train,misalignment_angular
3,Shaft Misalignment,1816.3631519545454,0.18565853991689082,1.0,12000.0,12000,fault3_0075,fault3_0075.csv,test,misalignment_angular
3,Shaft Misalignment,1961.30566349347,0.39889873119582,1.0,12000.0,12000,fault3_0076,fault3_0076.csv,test,misalignment_parallel
3,Shaft Misalignment,1855.016058403614,0.6450592594761595,1.0,12000.0,12000,fault3_0077,fault3_0077.csv,val,misalignment_parallel
3,Shaft Misalignment,1968.355685568674,0.7080068162317773,1.0,12000.0,12000,fault3_0078,fault3_0078.csv,train,misalignment_parallel
3,Shaft Misalignment,1712.6644532370292,0.9388710942771423,1.0,12000.0,12000,fault3_0079,fault3_0079.csv,train,misalignment_parallel
3,Shaft Misalignment,1730.9701928722573,0.5172653505025666,1.0,12000.0,12000,fault3_0080,fault3_0080.csv,train,misalignment_angular
3,Shaft Misalignment,1860.9873745470436,0.9516144620830015,1.0,12000.0,12000,fault3_0081,fault3_0081.csv,train,misalignment_parallel
3,Shaft Misalignment,1595.6107432024958,0.31784991638094673,1.0,12000.0,12000,fault3_0082,fault3_0082.csv,test,misalignment_parallel
3,Shaft Misalignment,1878.737838833811,0.3930207708532861,1.0,12000.0,12000,fault3_0083,fault3_0083.csv,val,misalignment_angular
3,Shaft Misalignment,1995.1397980362553,0.8695371878867363,1.0,12000.0,12000,fault3_0084,fault3_0084.csv,test,misalignment_angular
3,Shaft Misalignment,1666.2101508936153,0.7917856394343366,1.0,12000.0,12000,fault3_0085,fault3_0085.csv,train,misalignment_angular
3,Shaft Misalignment,1984.6792185606332,0.7692170755873712,1.0,12000.0,12000,fault3_0086,fault3_0086.csv,val,misalignment_angular
3,Shaft Misalignment,1884.3273923477784,0.30081445404925083,1.0,12000.0,12000,fault3_0087,fault3_0087.csv,train,misalignment_parallel
3,Shaft Misalignment,2061.7216593432345,0.946779856522551,1.0,12000.0,12000,fault3_0088,fault3_0088.csv,train,misalignment_parallel
3,Shaft Misalignment,1619.000000493896,0.2619694574363776,1.0,12000.0,12000,fault3_0089,fault3_0089.csv,val,misalignment_parallel
3,Shaft Misalignment,1971.6040781227503,0.3314846613640711,1.0,12000.0,12000,fault3_0090,fault3_0090.csv,train,misalignment_angular
3,Shaft Misalignment,1983.979635126048,0.772881313051313,1.0,12000.0,12000,fault3_0091,fault3_0091.csv,train,misalignment_angular
3,Shaft Misalignment,1848.7877528477372,0.582106464878838,1.0,12000.0,12000,fault3_0092,fault3_0092.csv,train,misalignment_parallel
3,Shaft Misalignment,1835.1118761438684,0.7355525067425771,1.0,12000.0,12000,fault3_0093,fault3_0093.csv,test,misalignment_angular
3,Shaft Misalignment,1873.5973311487937,0.7969533064866843,1.0,12000.0,12000,fault3_0094,fault3_0094.csv,train,misalignment_parallel
3,Shaft Misalignment,1779.2410361866864,0.15793187685302928,1.0,12000.0,12000,fault3_0095,fault3_0095.csv,train,misalignment_angular
3,Shaft Misalignment,1922.2893261610225,0.9930384586469589,1.0,12000.0,12000,fault3_0096,fault3_0096.csv,train,misalignment_parallel
3,Shaft Misalignment,1746.8069305650956,0.8300603233942856,1.0,12000.0,12000,fault3_0097,fault3_0097.csv,train,misalignment_parallel
3,Shaft Misalignment,1829.7458726232344,0.7731106016252236,1.0,12000.0,12000,fault3_0098,fault3_0098.csv,train,misalignment_parallel
3,Shaft Misalignment,1631.5333566923248,0.45207688338287855,1.0,12000.0,12000,fault3_0099,fault3_0099.csv,val,misalignment_parallel
3,Shaft Misalignment,1829.2823176312888,0.15444517151147583,1.0,12000.0,12000,fault3_0100,fault3_0100.csv,val,misalignment_parallel
3,Shaft Misalignment,1549.0681316677292,0.7838737153215474,1.0,12000.0,12000,fault3_0101,fault3_0101.csv,train,misalignment_parallel
3,Shaft Misalignment,2047.3596792644653,0.46274963860677176,1.0,12000.0,12000,fault3_0102,fault3_0102.csv,train,misalignment_angular
3,Shaft Misalignment,1610.39954717952,0.4097635831666826,1.0,12000.0,12000,fault3_0103,fault3_0103.csv,test,misalignment_parallel
3,Shaft Misalignment,2068.0205423187135,0.46306310093082104,1.0,12000.0,12000,fault3_0104,fault3_0104.csv,train,misalignment_angular
3,Shaft Misalignment,1919.9183066294781,0.9032664133953133,1.0,12000.0,12000,fault3_0105,fault3_0105.csv,train,misalignment_parallel
3,Shaft Misalignment,1741.4238770160277,0.5007285647213302,1.0,12000.0,12000,fault3_0106,fault3_0106.csv,train,misalignment_parallel
3,Shaft Misalignment,1531.7378623463105,0.6766509368408646,1.0,12000.0,12000,fault3_0107,fault3_0107.csv,train,misalignment_parallel
3,Shaft Misalignment,1958.8665588896254,0.2290420438496623,1.0,12000.0,12000,fault3_0108,fault3_0108.csv,train,misalignment_parallel
3,Shaft Misalignment,1789.7253605385067,0.6959766970194433,1.0,12000.0,12000,fault3_0109,fault3_0109.csv,train,misalignment_parallel
3,Shaft Misalignment,1843.191245211191,0.6272618997655951,1.0,12000.0,12000,fault3_0110,fault3_0110.csv,train,misalignment_parallel
3,Shaft Misalignment,1855.8833399620853,0.7249977466424079,1.0,12000.0,12000,fault3_0111,fault3_0111.csv,val,misalignment_parallel
3,Shaft Misalignment,1675.7031888692356,0.8512919986530527,1.0,12000.0,12000,fault3_0112,fault3_0112.csv,train,misalignment_angular
3,Shaft Misalignment,1571.6114707325387,0.19976828985738232,1.0,12000.0,12000,fault3_0113,fault3_0113.csv,train,misalignment_parallel
3,Shaft Misalignment,1953.8443676401926,0.7515287945297784,1.0,12000.0,12000,fault3_0114,fault3_0114.csv,val,misalignment_parallel
3,Shaft Misalignment,1809.3252904784688,0.524169148262167,1.0,12000.0,12000,fault3_0115,fault3_0115.csv,train,misalignment_angular
3,Shaft Misalignment,1707.224086949028,0.518916461247794,1.0,12000.0,12000,fault3_0116,fault3_0116.csv,train,misalignment_parallel
3,Shaft Misalignment,1649.130454464054,0.658491499954178,1.0,12000.0,12000,fault3_0117,fault3_0117.csv,val,misalignment_parallel
3,Shaft Misalignment,2069.1076561521927,0.943146331642024,1.0,12000.0,12000,fault3_0118,fault3_0118.csv,train,misalignment_parallel
3,Shaft Misalignment,1757.4739487787988,0.6907507600019979,1.0,12000.0,12000,fault3_0119,fault3_0119.csv,val,misalignment_parallel
3,Shaft Misalignment,1593.9015430986292,0.49841915624184496,1.0,12000.0,12000,fault3_0120,fault3_0120.csv,val,misalignment_parallel
3,Shaft Misalignment,1737.2697940438438,0.6360914305431086,1.0,12000.0,12000,fault3_0121,fault3_0121.csv,train,misalignment_angular
3,Shaft Misalignment,1629.6171766921652,0.45790012540444514,1.0,12000.0,12000,fault3_0122,fault3_0122.csv,train,misalignment_angular
3,Shaft Misalignment,1544.146222607315,0.17056299930765195,1.0,12000.0,12000,fault3_0123,fault3_0123.csv,val,misalignment_angular
3,Shaft Misalignment,1677.4582373853186,0.5903669513029931,1.0,12000.0,12000,fault3_0124,fault3_0124.csv,train,misalignment_parallel
3,Shaft Misalignment,2037.9667923622835,0.3704022450359077,1.0,12000.0,12000,fault3_0125,fault3_0125.csv,train,misalignment_parallel
3,Shaft Misalignment,2001.2743352616849,0.8656435317730373,1.0,12000.0,12000,fault3_0126,fault3_0126.csv,train,misalignment_angular
3,Shaft Misalignment,1963.4273872896833,0.5394588537272087,1.0,12000.0,12000,fault3_0127,fault3_0127.csv,train,misalignment_angular
3,Shaft Misalignment,1602.0791851046097,0.21851128669355596,1.0,12000.0,12000,fault3_0128,fault3_0128.csv,val,misalignment_parallel
3,Shaft Misalignment,1798.0890222718617,0.5213230972229026,1.0,12000.0,12000,fault3_0129,fault3_0129.csv,val,misalignment_angular
3,Shaft Misalignment,1943.376965455199,0.2850719425189505,1.0,12000.0,12000,fault3_0130,fault3_0130.csv,train,misalignment_angular
3,Shaft Misalignment,1603.09120442995,0.7886688231246888,1.0,12000.0,12000,fault3_0131,fault3_0131.csv,train,misalignment_angular
3,Shaft Misalignment,2046.5718953850671,0.20861431390295798,1.0,12000.0,12000,fault3_0132,fault3_0132.csv,train,misalignment_angular
3,Shaft Misalignment,1682.381020334328,0.37244983117552005,1.0,12000.0,12000,fault3_0133,fault3_0133.csv,train,misalignment_parallel
3,Shaft Misalignment,2019.3774734813596,0.3621142698720802,1.0,12000.0,12000,fault3_0134,fault3_0134.csv,train,misalignment_parallel
3,Shaft Misalignment,1940.0750617057001,0.5322788660829589,1.0,12000.0,12000,fault3_0135,fault3_0135.csv,val,misalignment_parallel
3,Shaft Misalignment,1565.297725084768,0.5644355146223766,1.0,12000.0,12000,fault3_0136,fault3_0136.csv,train,misalignment_parallel
3,Shaft Misalignment,1563.8327298658912,0.9204718353427493,1.0,12000.0,12000,fault3_0137,fault3_0137.csv,train,misalignment_angular
3,Shaft Misalignment,1817.507168428617,0.4994312622106005,1.0,12000.0,12000,fault3_0138,fault3_0138.csv,train,misalignment_angular
3,Shaft Misalignment,2015.910006671127,0.16854988725916606,1.0,12000.0,12000,fault3_0139,fault3_0139.csv,train,misalignment_parallel
3,Shaft Misalignment,2050.2329944753174,0.6261429559425656,1.0,12000.0,12000,fault3_0140,fault3_0140.csv,test,misalignment_angular
3,Shaft Misalignment,1558.2192548144528,0.5059743212130372,1.0,12000.0,12000,fault3_0141,fault3_0141.csv,train,misalignment_angular
3,Shaft Misalignment,1924.643321089594,0.9841025269226596,1.0,12000.0,12000,fault3_0142,fault3_0142.csv,train,misalignment_parallel
3,Shaft Misalignment,1883.2542847960003,0.3183829878457791,1.0,12000.0,12000,fault3_0143,fault3_0143.csv,train,misalignment_angular
3,Shaft Misalignment,1780.5235428117014,0.9762045301868065,1.0,12000.0,12000,fault3_0144,fault3_0144.csv,train,misalignment_parallel
3,Shaft Misalignment,1718.733440926882,0.24698141715474337,1.0,12000.0,12000,fault3_0145,fault3_0145.csv,train,misalignment_angular
3,Shaft Misalignment,1651.671142173667,0.3633216621392533,1.0,12000.0,12000,fault3_0146,fault3_0146.csv,test,misalignment_angular
3,Shaft Misalignment,1833.0603056725631,0.5948822746682114,1.0,12000.0,12000,fault3_0147,fault3_0147.csv,train,misalignment_angular
3,Shaft Misalignment,1994.4754344086948,0.7643921577272111,1.0,12000.0,12000,fault3_0148,fault3_0148.csv,train,misalignment_parallel
3,Shaft Misalignment,1912.230952504075,0.6120074847412491,1.0,12000.0,12000,fault3_0149,fault3_0149.csv,train,misalignment_parallel
3,Shaft Misalignment,1777.4823464254744,0.5619918440605399,1.0,12000.0,12000,fault3_0150,fault3_0150.csv,train,misalignment_angular
3,Shaft Misalignment,2040.6769993801522,0.8724790657585626,1.0,12000.0,12000,fault3_0151,fault3_0151.csv,train,misalignment_parallel
3,Shaft Misalignment,1779.6396029403277,0.5000007103468322,1.0,12000.0,12000,fault3_0152,fault3_0152.csv,train,misalignment_parallel
3,Shaft Misalignment,1824.5332094797288,0.20293213999960277,1.0,12000.0,12000,fault3_0153,fault3_0153.csv,train,misalignment_angular
3,Shaft Misalignment,1965.457953305733,0.5403538959574143,1.0,12000.0,12000,fault3_0154,fault3_0154.csv,train,misalignment_parallel
3,Shaft Misalignment,1954.5902276673778,0.3211592148155782,1.0,12000.0,12000,fault3_0155,fault3_0155.csv,train,misalignment_parallel
3,Shaft Misalignment,1618.94143085344,0.43068280514077295,1.0,12000.0,12000,fault3_0156,fault3_0156.csv,val,misalignment_angular
3,Shaft Misalignment,1810.4683641321258,0.32414908302810563,1.0,12000.0,12000,fault3_0157,fault3_0157.csv,test,misalignment_angular
3,Shaft Misalignment,2004.9742016738255,0.8899916612891059,1.0,12000.0,12000,fault3_0158,fault3_0158.csv,train,misalignment_angular
3,Shaft Misalignment,1773.6692458577336,0.9872412077197438,1.0,12000.0,12000,fault3_0159,fault3_0159.csv,val,misalignment_parallel
3,Shaft Misalignment,1544.6704074618021,0.20542390257141824,1.0,12000.0,12000,fault3_0160,fault3_0160.csv,train,misalignment_angular
3,Shaft Misalignment,2020.9789111652424,0.6078965282598071,1.0,12000.0,12000,fault3_0161,fault3_0161.csv,train,misalignment_parallel
3,Shaft Misalignment,1586.9557979765805,0.7082630890156499,1.0,12000.0,12000,fault3_0162,fault3_0162.csv,val,misalignment_parallel
3,Shaft Misalignment,1735.4268040540835,0.8092700732865283,1.0,12000.0,12000,fault3_0163,fault3_0163.csv,test,misalignment_parallel
3,Shaft Misalignment,1640.033887928952,0.5948301865155301,1.0,12000.0,12000,fault3_0164,fault3_0164.csv,train,misalignment_parallel
3,Shaft Misalignment,1958.141386278273,0.6409543609989838,1.0,12000.0,12000,fault3_0165,fault3_0165.csv,train,misalignment_angular
3,Shaft Misalignment,1960.8736461925826,0.4865749017630866,1.0,12000.0,12000,fault3_0166,fault3_0166.csv,test,misalignment_angular
3,Shaft Misalignment,1817.8355883129152,0.2842615994100458,1.0,12000.0,12000,fault3_0167,fault3_0167.csv,train,misalignment_angular
3,Shaft Misalignment,1958.3611292366572,0.4192474255073977,1.0,12000.0,12000,fault3_0168,fault3_0168.csv,test,misalignment_angular
3,Shaft Misalignment,2019.3173575735138,0.38536881427113756,1.0,12000.0,12000,fault3_0169,fault3_0169.csv,test,misalignment_angular
3,Shaft Misalignment,1605.9842251463294,0.32171331814211646,1.0,12000.0,12000,fault3_0170,fault3_0170.csv,train,misalignment_angular
3,Shaft Misalignment,2012.7544434042497,0.7061486694762176,1.0,12000.0,12000,fault3_0171,fault3_0171.csv,train,misalignment_parallel
3,Shaft Misalignment,1767.7746459189082,0.6730033213093317,1.0,12000.0,12000,fault3_0172,fault3_0172.csv,train,misalignment_angular
3,Shaft Misalignment,2006.5048389399626,0.833063005125305,1.0,12000.0,12000,fault3_0173,fault3_0173.csv,train,misalignment_parallel
3,Shaft Misalignment,2052.248372239952,0.5050968323838347,1.0,12000.0,12000,fault3_0174,fault3_0174.csv,test,misalignment_angular
3,Shaft Misalignment,1890.6767993539584,0.6894705822658502,1.0,12000.0,12000,fault3_0175,fault3_0175.csv,train,misalignment_angular
3,Shaft Misalignment,2006.2409894845077,0.5133662347325229,1.0,12000.0,12000,fault3_0176,fault3_0176.csv,train,misalignment_angular
3,Shaft Misalignment,1536.80806078691,0.6257923310926252,1.0,12000.0,12000,fault3_0177,fault3_0177.csv,train,misalignment_angular
3,Shaft Misalignment,1918.4509560793456,0.9067193450651319,1.0,12000.0,12000,fault3_0178,fault3_0178.csv,train,misalignment_parallel
3,Shaft Misalignment,1925.0081047837957,0.30930015248294485,1.0,12000.0,12000,fault3_0179,fault3_0179.csv,test,misalignment_angular
3,Shaft Misalignment,1972.294297485294,0.6096746917377127,1.0,12000.0,12000,fault3_0180,fault3_0180.csv,val,misalignment_angular
3,Shaft Misalignment,1699.749061119224,0.5504927140928925,1.0,12000.0,12000,fault3_0181,fault3_0181.csv,val,misalignment_parallel
3,Shaft Misalignment,1778.0032064735356,0.4541285255266255,1.0,12000.0,12000,fault3_0182,fault3_0182.csv,train,misalignment_angular
3,Shaft Misalignment,1977.2545963160978,0.43492684026524175,1.0,12000.0,12000,fault3_0183,fault3_0183.csv,train,misalignment_parallel
3,Shaft Misalignment,1914.4875709786213,0.8520814808018695,1.0,12000.0,12000,fault3_0184,fault3_0184.csv,train,misalignment_parallel
3,Shaft Misalignment,1659.5320208882101,0.27067619129684484,1.0,12000.0,12000,fault3_0185,fault3_0185.csv,train,misalignment_angular
3,Shaft Misalignment,1773.189528608923,0.7865023864188105,1.0,12000.0,12000,fault3_0186,fault3_0186.csv,train,misalignment_parallel
3,Shaft Misalignment,1865.3014264383528,0.4495187046182062,1.0,12000.0,12000,fault3_0187,fault3_0187.csv,val,misalignment_angular
3,Shaft Misalignment,1784.4950703950087,0.9822391973128813,1.0,12000.0,12000,fault3_0188,fault3_0188.csv,train,misalignment_angular
3,Shaft Misalignment,1598.1829604448315,0.7247509277641189,1.0,12000.0,12000,fault3_0189,fault3_0189.csv,train,misalignment_parallel
3,Shaft Misalignment,1900.6166862104926,0.20919497593804487,1.0,12000.0,12000,fault3_0190,fault3_0190.csv,train,misalignment_parallel
3,Shaft Misalignment,1992.0981198091245,0.34310262346998766,1.0,12000.0,12000,fault3_0191,fault3_0191.csv,val,misalignment_angular
3,Shaft Misalignment,1680.8090877653815,0.6964496235499015,1.0,12000.0,12000,fault3_0192,fault3_0192.csv,train,misalignment_parallel
3,Shaft Misalignment,1806.8335666983287,0.4095140751922216,1.0,12000.0,12000,fault3_0193,fault3_0193.csv,train,misalignment_parallel
3,Shaft Misalignment,1547.9222514637102,0.40835444105461527,1.0,12000.0,12000,fault3_0194,fault3_0194.csv,train,misalignment_parallel
3,Shaft Misalignment,2036.6846019621807,0.8905238099235943,1.0,12000.0,12000,fault3_0195,fault3_0195.csv,val,misalignment_angular
3,Shaft Misalignment,1955.761565356781,0.715237167954596,1.0,12000.0,12000,fault3_0196,fault3_0196.csv,train,misalignment_parallel
3,Shaft Misalignment,2019.8853165811481,0.7201224651199589,1.0,12000.0,12000,fault3_0197,fault3_0197.csv,train,misalignment_parallel
3,Shaft Misalignment,1589.9343133752795,0.5299972122354616,1.0,12000.0,12000,fault3_0198,fault3_0198.csv,train,misalignment_angular
3,Shaft Misalignment,1996.8643491422417,0.6146509871596202,1.0,12000.0,12000,fault3_0199,fault3_0199.csv,train,misalignment_parallel
4,Electrical Fault,2057.472177395756,0.2441125043273683,1.0,12000.0,12000,fault4_0000,fault4_0000.csv,train,electrical_rotor
4,Electrical Fault,1552.6933245925588,0.7789185026518908,1.0,12000.0,12000,fault4_0001,fault4_0001.csv,test,electrical_rotor
4,Electrical Fault,1681.2201579572643,0.8795904252792528,1.0,12000.0,12000,fault4_0002,fault4_0002.csv,train,electrical_rotor
4,Electrical Fault,2021.815887287714,0.7908676180572664,1.0,12000.0,12000,fault4_0003,fault4_0003.csv,val,electrical_stator
4,Electrical Fault,1539.7235400242455,0.9683888035129221,1.0,12000.0,12000,fault4_0004,fault4_0004.csv,val,electrical_stator
4,Electrical Fault,1694.565591508512,0.8549854651300199,1.0,12000.0,12000,fault4_0005,fault4_0005.csv,train,electrical_stator
4,Electrical Fault,2001.287073365709,0.24569333185014647,1.0,12000.0,12000,fault4_0006,fault4_0006.csv,val,electrical_stator
4,Electrical Fault,1821.9771773882514,0.23205429966612467,1.0,12000.0,12000,fault4_0007,fault4_0007.csv,train,electrical_rotor
4,Electrical Fault,1536.69817958975,0.5484527706448299,1.0,12000.0,12000,fault4_0008,fault4_0008.csv,train,electrical_stator
4,Electrical Fault,1853.11304152079,0.40265213655232457,1.0,12000.0,12000,fault4_0009,fault4_0009.csv,train,electrical_rotor
4,Electrical Fault,1931.3243273150656,0.19092141058160042,1.0,12000.0,12000,fault4_0010,fault4_0010.csv,test,electrical_rotor
4,Electrical Fault,1990.2224921712377,0.7176339807424456,1.0,12000.0,12000,fault4_0011,fault4_0011.csv,train,electrical_stator
4,Electrical Fault,2011.8433489954123,0.30753065259940726,1.0,12000.0,12000,fault4_0012,fault4_0012.csv,train,electrical_stator
4,Electrical Fault,1659.3354917511506,0.8253915368951618,1.0,12000.0,12000,fault4_0013,fault4_0013.csv,train,electrical_rotor
4,Electrical Fault,1844.7156909450844,0.9961218887626134,1.0,12000.0,12000,fault4_0014,fault4_0014.csv,test,electrical_rotor
4,Electrical Fault,1811.5806720835383,0.20409477289364597,1.0,12000.0,12000,fault4_0015,fault4_0015.csv,val,electrical_rotor
4,Electrical Fault,1853.4483944156937,0.2476930475006318,1.0,12000.0,12000,fault4_0016,fault4_0016.csv,train,electrical_stator
4,Electrical Fault,2021.1984824957597,0.7188202234973666,1.0,12000.0,12000,fault4_0017,fault4_0017.csv,val,electrical_rotor
4,Electrical Fault,2004.6486061524245,0.6360064992410739,1.0,12000.0,12000,fault4_0018,fault4_0018.csv,train,electrical_stator
4,Electrical Fault,1762.4308015733345,0.41940459962245136,1.0,12000.0,12000,fault4_0019,fault4_0019.csv,train,electrical_stator
4,Electrical Fault,1947.8950140942843,0.6616349163628619,1.0,12000.0,12000,fault4_0020,fault4_0020.csv,test,electrical_stator
4,Electrical Fault,1769.4252077647614,0.6660261419109409,1.0,12000.0,12000,fault4_0021,fault4_0021.csv,train,electrical_rotor
4,Electrical Fault,1849.5164676454158,0.7472387071226889,1.0,12000.0,12000,fault4_0022,fault4_0022.csv,train,electrical_stator
4,Electrical Fault,1806.6764398747268,0.23859108238709553,1.0,12000.0,12000,fault4_0023,fault4_0023.csv,train,electrical_rotor
4,Electrical Fault,1793.3402170554828,0.7043906206136517,1.0,12000.0,12000,fault4_0024,fault4_0024.csv,test,electrical_stator
4,Electrical Fault,1854.3515759361119,0.7820548287500758,1.0,12000.0,12000,fault4_0025,fault4_0025.csv,train,electrical_rotor
4,Electrical Fault,1872.416176943219,0.2102923837137074,1.0,12000.0,12000,fault4_0026,fault4_0026.csv,train,electrical_rotor
4,Electrical Fault,1725.4006703307748,0.5516193517555366,1.0,12000.0,12000,fault4_0027,fault4_0027.csv,train,electrical_rotor
4,Electrical Fault,1605.6130126787916,0.38529216162260993,1.0,12000.0,12000,fault4_0028,fault4_0028.csv,test,electrical_rotor
4,Electrical Fault,1708.9273838356473,0.5597348993952701,1.0,12000.0,12000,fault4_0029,fault4_0029.csv,train,electrical_stator
4,Electrical Fault,1859.8212383809148,0.3885807331885781,1.0,12000.0,12000,fault4_0030,fault4_0030.csv,train,electrical_rotor
4,Electrical Fault,1808.9492193608285,0.15467992928635768,1.0,12000.0,12000,fault4_0031,fault4_0031.csv,train,electrical_stator
4,Electrical Fault,1648.2971569150031,0.18121315812569797,1.0,12000.0,12000,fault4_0032,fault4_0032.csv,train,electrical_rotor
4,Electrical Fault,1712.9847506429257,0.8321978276428409,1.0,12000.0,12000,fault4_0033,fault4_0033.csv,train,electrical_rotor
4,Electrical Fault,1806.8405720164646,0.3994654997269034,1.0,12000.0,12000,fault4_0034,fault4_0034.csv,test,electrical_rotor
4,Electrical Fault,1744.3881222680834,0.22402885177640575,1.0,12000.0,12000,fault4_0035,fault4_0035.csv,train,electrical_rotor
4,Electrical Fault,1591.4727324773648,0.44343967138143825,1.0,12000.0,12000,fault4_0036,fault4_0036.csv,train,electrical_rotor
4,Electrical Fault,2002.0801633299948,0.5695145932891008,1.0,12000.0,12000,fault4_0037,fault4_0037.csv,val,electrical_rotor
4,Electrical Fault,2066.1210930594975,0.2617657519132844,1.0,12000.0,12000,fault4_0038,fault4_0038.csv,train,electrical_rotor
4,Electrical Fault,1743.071080822729,0.5085539517580067,1.0,12000.0,12000,fault4_0039,fault4_0039.csv,train,electrical_stator
4,Electrical Fault,2020.1099413805396,0.756927747796828,1.0,12000.0,12000,fault4_0040,fault4_0040.csv,train,electrical_stator
4,Electrical Fault,1697.0612676459023,0.8502218265881005,1.0,12000.0,12000,fault4_0041,fault4_0041.csv,test,electrical_stator
4,Electrical Fault,1973.4470725771223,0.15133033941275195,1.0,12000.0,12000,fault4_0042,fault4_0042.csv,train,electrical_rotor
4,Electrical Fault,1557.6131059787344,0.36896613728366356,1.0,12000.0,12000,fault4_0043,fault4_0043.csv,train,electrical_stator
4,Electrical Fault,1856.0495445926692,0.7336014264687157,1.0,12000.0,12000,fault4_0044,fault4_0044.csv,train,electrical_rotor
4,Electrical Fault,1737.2729968442889,0.5378010326122107,1.0,12000.0,12000,fault4_0045,fault4_0045.csv,train,electrical_rotor
4,Electrical Fault,1595.3535002620042,0.5061056216593541,1.0,12000.0,12000,fault4_0046,fault4_0046.csv,val,electrical_rotor
4,Electrical Fault,1568.344138847958,0.21815301196961792,1.0,12000.0,12000,fault4_0047,fault4_0047.csv,train,electrical_rotor
4,Electrical Fault,2038.5318842742195,0.7182867497144769,1.0,12000.0,12000,fault4_0048,fault4_0048.csv,train,electrical_stator
4,Electrical Fault,1725.436795052447,0.6546116725272577,1.0,12000.0,12000,fault4_0049,fault4_0049.csv,train,electrical_rotor
4,Electrical Fault,1873.4918650611526,0.9262939054398013,1.0,12000.0,12000,fault4_0050,fault4_0050.csv,train,electrical_stator
4,Electrical Fault,2001.7972404718264,0.7653770971461797,1.0,12000.0,12000,fault4_0051,fault4_0051.csv,train,electrical_rotor
4,Electrical Fault,2017.3247859343544,0.20647726770240865,1.0,12000.0,12000,fault4_0052,fault4_0052.csv,train,electrical_rotor
4,Electrical Fault,1606.7540468484672,0.15995061912126846,1.0,12000.0,12000,fault4_0053,fault4_0053.csv,train,electrical_stator
4,Electrical Fault,1689.3219821332443,0.5631004197279625,1.0,12000.0,12000,fault4_0054,fault4_0054.csv,train,electrical_rotor
4,Electrical Fault,1553.6190990468315,0.2545528008551838,1.0,12000.0,12000,fault4_0055,fault4_0055.csv,train,electrical_rotor
4,Electrical Fault,1715.3103707132354,0.7697974644170308,1.0,12000.0,12000,fault4_0056,fault4_0056.csv,train,electrical_stator
4,Electrical Fault,1986.6263560145494,0.7386189026688416,1.0,12000.0,12000,fault4_0057,fault4_0057.csv,train,electrical_stator
4,Electrical Fault,1893.4019760929932,0.38407399811710574,1.0,12000.0,12000,fault4_0058,fault4_0058.csv,train,electrical_stator
4,Electrical Fault,1956.0519863572283,0.5294565889413448,1.0,12000.0,12000,fault4_0059,fault4_0059.csv,val,electrical_stator
4,Electrical Fault,1974.10808178087,0.8789279870120912,1.0,12000.0,12000,fault4_0060,fault4_0060.csv,test,electrical_stator
4,Electrical Fault,1762.73201907718,0.421036795572968,1.0,12000.0,12000,fault4_0061,fault4_0061.csv,train,electrical_stator
4,Electrical Fault,1730.4331086563188,0.660913041780198,1.0,12000.0,12000,fault4_0062,fault4_0062.csv,val,electrical_rotor
4,Electrical Fault,1901.7387099857535,0.4683699539671031,1.0,12000.0,12000,fault4_0063,fault4_0063.csv,train,electrical_stator
4,Electrical Fault,1762.485842769592,0.2712050224696224,1.0,12000.0,12000,fault4_0064,fault4_0064.csv,test,electrical_rotor
4,Electrical Fault,1716.773828798443,0.2812907851398252,1.0,12000.0,12000,fault4_0065,fault4_0065.csv,train,electrical_rotor
4,Electrical Fault,1878.7440885947015,0.6913669698365318,1.0,12000.0,12000,fault4_0066,fault4_0066.csv,train,electrical_stator
4,Electrical Fault,1568.7244199777315,0.4981845606609472,1.0,12000.0,12000,fault4_0067,fault4_0067.csv,train,electrical_rotor
4,Electrical Fault,1895.6451454569049,0.6649123620347868,1.0,12000.0,12000,fault4_0068,fault4_0068.csv,train,electrical_rotor
4,Electrical Fault,1647.6619792976946,0.989830571232253,1.0,12000.0,12000,fault4_0069,fault4_0069.csv,train,electrical_rotor
4,Electrical Fault,1901.668087321328,0.26947002244160667,1.0,12000.0,12000,fault4_0070,fault4_0070.csv,train,electrical_rotor
4,Electrical Fault,1544.8698287295113,0.5796368502238824,1.0,12000.0,12000,fault4_0071,fault4_0071.csv,test,electrical_rotor
4,Electrical Fault,1737.4716250123322,0.18314661068867483,1.0,12000.0,12000,fault4_0072,fault4_0072.csv,train,electrical_rotor
4,Electrical Fault,1739.5128503713095,0.2860211959937149,1.0,12000.0,12000,fault4_0073,fault4_0073.csv,train,electrical_rotor
4,Electrical Fault,1938.3553515330952,0.539744557549607,1.0,12000.0,12000,fault4_0074,fault4_0074.csv,train,electrical_rotor
4,Electrical Fault,2016.0449188288994,0.24871811617044676,1.0,12000.0,12000,fault4_0075,fault4_0075.csv,test,electrical_rotor
4,Electrical Fault,1699.5420273837703,0.9051431214623791,1.0,12000.0,12000,fault4_0076,fault4_0076.csv,train,electrical_rotor
4,Electrical Fault,1976.421974260403,0.9864111887288947,1.0,12000.0,12000,fault4_0077,fault4_0077.csv,train,electrical_rotor
4,Electrical Fault,2049.0131621201,0.48105961066705727,1.0,12000.0,12000,fault4_0078,fault4_0078.csv,train,electrical_rotor
4,Electrical Fault,1713.8090362974328,0.6101964662454474,1.0,12000.0,12000,fault4_0079,fault4_0079.csv,train,electrical_rotor
4,Electrical Fault,1829.0042020933258,0.6104490905485034,1.0,12000.0,12000,fault4_0080,fault4_0080.csv,val,electrical_stator
4,Electrical Fault,1980.170979446296,0.5243751477655604,1.0,12000.0,12000,fault4_0081,fault4_0081.csv,train,electrical_rotor
4,Electrical Fault,1670.040844551231,0.31543026119914114,1.0,12000.0,12000,fault4_0082,fault4_0082.csv,train,electrical_rotor
4,Electrical Fault,1714.9219085707452,0.37971053831116575,1.0,12000.0,12000,fault4_0083,fault4_0083.csv,test,electrical_stator
4,Electrical Fault,1831.1627661750238,0.44518548317593143,1.0,12000.0,12000,fault4_0084,fault4_0084.csv,train,electrical_stator
4,Electrical Fault,1605.1662187266757,0.5274371868218725,1.0,12000.0,12000,fault4_0085,fault4_0085.csv,train,electrical_stator
4,Electrical Fault,1794.0048291679236,0.4915119805561756,1.0,12000.0,12000,fault4_0086,fault4_0086.csv,test,electrical_rotor
4,Electrical Fault,2005.3699715604207,0.679895064435524,1.0,12000.0,12000,fault4_0087,fault4_0087.csv,train,electrical_stator
4,Electrical Fault,1865.1566591052751,0.32111529164906827,1.0,12000.0,12000,fault4_0088,fault4_0088.csv,train,electrical_stator
4,Electrical Fault,1551.3081477610856,0.5542141318638026,1.0,12000.0,12000,fault4_0089,fault4_0089.csv,train,electrical_stator
4,Electrical Fault,1652.9848574957332,0.9694245200906867,1.0,12000.0,12000,fault4_0090,fault4_0090.csv,test,electrical_rotor
4,Electrical Fault,1919.957347146189,0.6033786344505582,1.0,12000.0,12000,fault4_0091,fault4_0091.csv,test,electrical_rotor
4,Electrical Fault,1600.55226566467,0.8219333251336522,1.0,12000.0,12000,fault4_0092,fault4_0092.csv,train,electrical_stator
4,Electrical Fault,1958.8737577766788,0.3844024330136534,1.0,12000.0,12000,fault4_0093,fault4_0093.csv,test,electrical_rotor
4,Electrical Fault,2039.7827306657146,0.2764765739943483,1.0,12000.0,12000,fault4_0094,fault4_0094.csv,train,electrical_rotor
4,Electrical Fault,2059.7331842078497,0.5608963205771746,1.0,12000.0,12000,fault4_0095,fault4_0095.csv,test,electrical_stator
4,Electrical Fault,1847.9150219509124,0.46903042173166154,1.0,12000.0,12000,fault4_0096,fault4_0096.csv,train,electrical_stator
4,Electrical Fault,1639.7404691864872,0.7975284626710426,1.0,12000.0,12000,fault4_0097,fault4_0097.csv,train,electrical_rotor
4,Electrical Fault,1806.0887495884056,0.5684766580010047,1.0,12000.0,12000,fault4_0098,fault4_0098.csv,train,electrical_rotor
4,Electrical Fault,1997.411658637258,0.983628442045915,1.0,12000.0,12000,fault4_0099,fault4_0099.csv,train,electrical_rotor
4,Electrical Fault,1976.8602179374036,0.79984862545651,1.0,12000.0,12000,fault4_0100,fault4_0100.csv,train,electrical_rotor
4,Electrical Fault,2046.2654575504437,0.32040333819914235,1.0,12000.0,12000,fault4_0101,fault4_0101.csv,train,electrical_rotor
4,Electrical Fault,1991.139462155928,0.5232773441386861,1.0,12000.0,12000,fault4_0102,fault4_0102.csv,val,electrical_stator
4,Electrical Fault,2012.2687108055238,0.2030889545762107,1.0,12000.0,12000,fault4_0103,fault4_0103.csv,test,electrical_rotor
4,Electrical Fault,1772.092289899488,0.5838676156535973,1.0,12000.0,12000,fault4_0104,fault4_0104.csv,train,electrical_rotor
4,Electrical Fault,2030.2466076342469,0.16624868026529943,1.0,12000.0,12000,fault4_0105,fault4_0105.csv,train,electrical_stator
4,Electrical Fault,1901.3699029125025,0.7643009140434942,1.0,12000.0,12000,fault4_0106,fault4_0106.csv,train,electrical_rotor
4,Electrical Fault,1602.5949698803856,0.404486250115929,1.0,12000.0,12000,fault4_0107,fault4_0107.csv,train,electrical_rotor
4,Electrical Fault,1964.3960921469327,0.38694589155237,1.0,12000.0,12000,fault4_0108,fault4_0108.csv,train,electrical_rotor
4,Electrical Fault,2047.0219302805717,0.15753379234644857,1.0,12000.0,12000,fault4_0109,fault4_0109.csv,test,electrical_stator
4,Electrical Fault,1895.4835013829936,0.8541989045317495,1.0,12000.0,12000,fault4_0110,fault4_0110.csv,train,electrical_stator
4,Electrical Fault,1537.7302499402124,0.7771890907773006,1.0,12000.0,12000,fault4_0111,fault4_0111.csv,val,electrical_stator
4,Electrical Fault,1929.8571112549002,0.2714227442057128,1.0,12000.0,12000,fault4_0112,fault4_0112.csv,val,electrical_stator
4,Electrical Fault,1945.2183023381258,0.7097594383195467,1.0,12000.0,12000,fault4_0113,fault4_0113.csv,val,electrical_rotor
4,Electrical Fault,1986.7975774259753,0.6715634971018397,1.0,12000.0,12000,fault4_0114,fault4_0114.csv,train,electrical_stator
4,Electrical Fault,1793.3190172202937,0.2160019344708643,1.0,12000.0,12000,fault4_0115,fault4_0115.csv,train,electrical_stator
4,Electrical Fault,1749.8375041278389,0.20610836751920533,1.0,12000.0,12000,fault4_0116,fault4_0116.csv,train,electrical_rotor
4,Electrical Fault,1589.93897334731,0.8369999285078389,1.0,12000.0,12000,fault4_0117,fault4_0117.csv,test,electrical_stator
4,Electrical Fault,1569.0508966392867,0.9618479261979462,1.0,12000.0,12000,fault4_0118,fault4_0118.csv,train,electrical_stator
4,Electrical Fault,1691.7654660950918,0.215332763984739,1.0,12000.0,12000,fault4_0119,fault4_0119.csv,train,electrical_rotor
4,Electrical Fault,1959.0383940250042,0.7510235056766934,1.0,12000.0,12000,fault4_0120,fault4_0120.csv,train,electrical_rotor
4,Electrical Fault,1569.3669910986678,0.49244229023774155,1.0,12000.0,12000,fault4_0121,fault4_0121.csv,train,electrical_rotor
4,Electrical Fault,1655.4875344502657,0.38885382407240654,1.0,12000.0,12000,fault4_0122,fault4_0122.csv,val,electrical_rotor
4,Electrical Fault,2031.783148961201,0.49433729034843144,1.0,12000.0,12000,fault4_0123,fault4_0123.csv,test,electrical_stator
4,Electrical Fault,1703.607678673856,0.5549714383922228,1.0,12000.0,12000,fault4_0124,fault4_0124.csv,train,electrical_stator
4,Electrical Fault,1875.8570627749557,0.9821339478985875,1.0,12000.0,12000,fault4_0125,fault4_0125.csv,train,electrical_stator
4,Electrical Fault,1723.2196054213164,0.7006448290919491,1.0,12000.0,12000,fault4_0126,fault4_0126.csv,train,electrical_stator
4,Electrical Fault,2009.875903343315,0.5776213581628609,1.0,12000.0,12000,fault4_0127,fault4_0127.csv,train,electrical_stator
4,Electrical Fault,1846.3669857649002,0.6810662833709921,1.0,12000.0,12000,fault4_0128,fault4_0128.csv,train,electrical_rotor
4,Electrical Fault,1898.6132994606373,0.3556419282682001,1.0,12000.0,12000,fault4_0129,fault4_0129.csv,val,electrical_stator
4,Electrical Fault,1974.168788967466,0.8333647314196423,1.0,12000.0,12000,fault4_0130,fault4_0130.csv,train,electrical_stator
4,Electrical Fault,1810.8917418478054,0.27144456713849996,1.0,12000.0,12000,fault4_0131,fault4_0131.csv,val,electrical_rotor
4,Electrical Fault,1676.5610654412258,0.5721911093952545,1.0,12000.0,12000,fault4_0132,fault4_0132.csv,train,electrical_stator
4,Electrical Fault,1602.2673160198342,0.6851240423579761,1.0,12000.0,12000,fault4_0133,fault4_0133.csv,train,electrical_rotor
4,Electrical Fault,1934.268426428148,0.41994877597194913,1.0,12000.0,12000,fault4_0134,fault4_0134.csv,train,electrical_stator
4,Electrical Fault,1806.0097351881038,0.18982412224846265,1.0,12000.0,12000,fault4_0135,fault4_0135.csv,train,electrical_stator
4,Electrical Fault,1911.7673032260866,0.20328617837858598,1.0,12000.0,12000,fault4_0136,fault4_0136.csv,val,electrical_rotor
4,Electrical Fault,1532.0627582356346,0.3598002888216169,1.0,12000.0,12000,fault4_0137,fault4_0137.csv,val,electrical_rotor
4,Electrical Fault,1700.7858808538256,0.23660852985611147,1.0,12000.0,12000,fault4_0138,fault4_0138.csv,train,electrical_rotor
4,Electrical Fault,1676.0123746476438,0.8663051168364717,1.0,12000.0,12000,fault4_0139,fault4_0139.csv,train,electrical_rotor
4,Electrical Fault,1956.0235347590435,0.9080913230891245,1.0,12000.0,12000,fault4_0140,fault4_0140.csv,train,electrical_rotor
4,Electrical Fault,2021.3692976813713,0.4707203458687139,1.0,12000.0,12000,fault4_0141,fault4_0141.csv,test,electrical_stator
4,Electrical Fault,1578.2163432438092,0.7339663765277563,1.0,12000.0,12000,fault4_0142,fault4_0142.csv,train,electrical_rotor
4,Electrical Fault,1739.3303549460493,0.6878050969363108,1.0,12000.0,12000,fault4_0143,fault4_0143.csv,val,electrical_stator
4,Electrical Fault,1532.3561656111667,0.2919101254351189,1.0,12000.0,12000,fault4_0144,fault4_0144.csv,val,electrical_stator
4,Electrical Fault,1889.8481233322316,0.9711403793593756,1.0,12000.0,12000,fault4_0145,fault4_0145.csv,val,electrical_rotor
4,Electrical Fault,2043.4172621749226,0.7471594263045859,1.0,12000.0,12000,fault4_0146,fault4_0146.csv,train,electrical_rotor
4,Electrical Fault,1586.8970580154623,0.8145502838431953,1.0,12000.0,12000,fault4_0147,fault4_0147.csv,train,electrical_rotor
4,Electrical Fault,1556.02044669238,0.4560428960158316,1.0,12000.0,12000,fault4_0148,fault4_0148.csv,test,electrical_stator
4,Electrical Fault,1800.2166186835086,0.5178197656167489,1.0,12000.0,12000,fault4_0149,fault4_0149.csv,train,electrical_rotor
4,Electrical Fault,1642.7966709627885,0.4634010952350759,1.0,12000.0,12000,fault4_0150,fault4_0150.csv,train,electrical_rotor
4,Electrical Fault,1558.271710901235,0.8024324842402305,1.0,12000.0,12000,fault4_0151,fault4_0151.csv,train,electrical_rotor
4,Electrical Fault,1973.9771388808683,0.8727958009519111,1.0,12000.0,12000,fault4_0152,fault4_0152.csv,train,electrical_rotor
4,Electrical Fault,1884.9708803718693,0.5514395335385345,1.0,12000.0,12000,fault4_0153,fault4_0153.csv,test,electrical_stator
4,Electrical Fault,1646.4999667552852,0.7261412202635376,1.0,12000.0,12000,fault4_0154,fault4_0154.csv,train,electrical_rotor
4,Electrical Fault,1689.4627978887897,0.2661107681034967,1.0,12000.0,12000,fault4_0155,fault4_0155.csv,train,electrical_stator
4,Electrical Fault,1928.8426273914583,0.4182832421988475,1.0,12000.0,12000,fault4_0156,fault4_0156.csv,train,electrical_rotor
4,Electrical Fault,1743.3706901102116,0.7562258507902251,1.0,12000.0,12000,fault4_0157,fault4_0157.csv,train,electrical_stator
4,Electrical Fault,2010.716101423534,0.3942981569957428,1.0,12000.0,12000,fault4_0158,fault4_0158.csv,train,electrical_stator
4,Electrical Fault,1561.369654123389,0.24478538047308493,1.0,12000.0,12000,fault4_0159,fault4_0159.csv,train,electrical_stator
4,Electrical Fault,1674.5000454331043,0.8601581918808652,1.0,12000.0,12000,fault4_0160,fault4_0160.csv,train,electrical_rotor
4,Electrical Fault,1734.7107862828457,0.43674371475372875,1.0,12000.0,12000,fault4_0161,fault4_0161.csv,train,electrical_stator
4,Electrical Fault,1597.1589354602754,0.5015962736808399,1.0,12000.0,12000,fault4_0162,fault4_0162.csv,train,electrical_stator
4,Electrical Fault,1748.3164635176292,0.6012970266502797,1.0,12000.0,12000,fault4_0163,fault4_0163.csv,train,electrical_stator
4,Electrical Fault,1535.358863409031,0.5444808855354782,1.0,12000.0,12000,fault4_0164,fault4_0164.csv,test,electrical_rotor
4,Electrical Fault,1810.2774312699564,0.7259109273401102,1.0,12000.0,12000,fault4_0165,fault4_0165.csv,train,electrical_rotor
4,Electrical Fault,1947.9553442024917,0.8069832595946979,1.0,12000.0,12000,fault4_0166,fault4_0166.csv,train,electrical_rotor
4,Electrical Fault,2057.047464570775,0.25671768254825533,1.0,12000.0,12000,fault4_0167,fault4_0167.csv,train,electrical_stator
4,Electrical Fault,1945.8854343488317,0.8360822067601502,1.0,12000.0,12000,fault4_0168,fault4_0168.csv,train,electrical_stator
4,Electrical Fault,1673.4147297976472,0.16491950886163456,1.0,12000.0,12000,fault4_0169,fault4_0169.csv,train,electrical_stator
4,Electrical Fault,1947.4966119160824,0.5902664485556921,1.0,12000.0,12000,fault4_0170,fault4_0170.csv,train,electrical_stator
4,Electrical Fault,1730.7392192494183,0.15115058185814792,1.0,12000.0,12000,fault4_0171,fault4_0171.csv,train,electrical_rotor
4,Electrical Fault,1879.0877204844821,0.9780652772439036,1.0,12000.0,12000,fault4_0172,fault4_0172.csv,val,electrical_rotor
4,Electrical Fault,1542.7412809085856,0.9137765139736135,1.0,12000.0,12000,fault4_0173,fault4_0173.csv,val,electrical_rotor
4,Electrical Fault,1951.4031067283292,0.5392963951530357,1.0,12000.0,12000,fault4_0174,fault4_0174.csv,train,electrical_stator
4,Electrical Fault,1693.574493569924,0.2058406301112109,1.0,12000.0,12000,fault4_0175,fault4_0175.csv,train,electrical_stator
4,Electrical Fault,1663.1659628881332,0.5614655092536713,1.0,12000.0,12000,fault4_0176,fault4_0176.csv,val,electrical_rotor
4,Electrical Fault,1785.857307334891,0.1991677820300865,1.0,12000.0,12000,fault4_0177,fault4_0177.csv,test,electrical_rotor
4,Electrical Fault,2039.0711323108205,0.8174111116761471,1.0,12000.0,12000,fault4_0178,fault4_0178.csv,test,electrical_stator
4,Electrical Fault,1824.020459712142,0.9683530977152252,1.0,12000.0,12000,fault4_0179,fault4_0179.csv,train,electrical_rotor
4,Electrical Fault,1727.4676040611403,0.34157407780575094,1.0,12000.0,12000,fault4_0180,fault4_0180.csv,train,electrical_stator
4,Electrical Fault,1606.033592402045,0.6790515953310972,1.0,12000.0,12000,fault4_0181,fault4_0181.csv,val,electrical_rotor
4,Electrical Fault,1842.2811356869945,0.2749183031499782,1.0,12000.0,12000,fault4_0182,fault4_0182.csv,val,electrical_rotor
4,Electrical Fault,1873.4155418684136,0.4799408502079462,1.0,12000.0,12000,fault4_0183,fault4_0183.csv,train,electrical_rotor
4,Electrical Fault,1670.3486887911297,0.4434133772200789,1.0,12000.0,12000,fault4_0184,fault4_0184.csv,test,electrical_rotor
4,Electrical Fault,1686.8724330625669,0.5494900279342461,1.0,12000.0,12000,fault4_0185,fault4_0185.csv,test,electrical_rotor
4,Electrical Fault,1912.1695291444648,0.20287274223999732,1.0,12000.0,12000,fault4_0186,fault4_0186.csv,train,electrical_stator
4,Electrical Fault,1534.234459016835,0.6862835216947889,1.0,12000.0,12000,fault4_0187,fault4_0187.csv,train,electrical_stator
4,Electrical Fault,1602.5084194872288,0.9642440028982548,1.0,12000.0,12000,fault4_0188,fault4_0188.csv,train,electrical_stator
4,Electrical Fault,1660.62237882096,0.5755130354815013,1.0,12000.0,12000,fault4_0189,fault4_0189.csv,train,electrical_stator
4,Electrical Fault,1571.169177705725,0.3834982427907082,1.0,12000.0,12000,fault4_0190,fault4_0190.csv,val,electrical_stator
4,Electrical Fault,1778.219030017437,0.6145905707274506,1.0,12000.0,12000,fault4_0191,fault4_0191.csv,train,electrical_stator
4,Electrical Fault,1553.7059690272226,0.29088731284713254,1.0,12000.0,12000,fault4_0192,fault4_0192.csv,train,electrical_stator
4,Electrical Fault,1642.9601513202808,0.19248217436072693,1.0,12000.0,12000,fault4_0193,fault4_0193.csv,val,electrical_rotor
4,Electrical Fault,2059.8439657486224,0.8241714428972285,1.0,12000.0,12000,fault4_0194,fault4_0194.csv,test,electrical_stator
4,Electrical Fault,1660.6676503712044,0.9665329291862198,1.0,12000.0,12000,fault4_0195,fault4_0195.csv,train,electrical_stator
4,Electrical Fault,2043.7720975953891,0.9955963998710584,1.0,12000.0,12000,fault4_0196,fault4_0196.csv,val,electrical_rotor
4,Electrical Fault,2059.8176151675834,0.6341088126320381,1.0,12000.0,12000,fault4_0197,fault4_0197.csv,train,electrical_rotor
4,Electrical Fault,1765.9777782594351,0.6545267950719681,1.0,12000.0,12000,fault4_0198,fault4_0198.csv,train,electrical_rotor
4,Electrical Fault,1866.065362893313,0.9840011612479503,1.0,12000.0,12000,fault4_0199,fault4_0199.csv,train,electrical_rotor
